xstemajj6fm39vNDceJ3cKK6fAoq+ZmDq9ORmGd+jS8jziXE81Q52opDobMia2DWaC8Wb2YijgDmOh9daYVDy6FGPukaXYOB+6vf/pbNqhoxYW14BGzZULb8BNNIIPgCWittNCp+T3m38+rku0GV52R0G4F79B8zxHglCcv60tS/t9crODP1saan1Q==
jPKpw/ucoEQA2L7bChGqCDAaTy/e2QC91MouqagsOIT6VrGr9b21Yfij8I9mJvNsZNK62MUmrjVChOY5In2rkfOr1+6+7ZLK6aGViNzMceA+fIyjIECgsuLrteTSnqdpv/Pi9NMh7bc8NKMxoxT3w0z4rbljWoqkx/ePewAT3aGup90=
Xa5j1xONWJqG5vxZK12K4pObfxYlq3jof/29q1sf4EzxJO1JMAg+X2dB/fCSeYqfK+2MmQMgLOfd76mCPXk0QXbIrnKjNEUWm78HFTcFsrMbSAauQbhu8vBMd+5MMSjUbN3gVdnFWSt9uszFUC5j8f+MPgTDdHRchneSyMJ2CPv/gFA2VX2Vs0hgIQnv03akSfXBHMUXxljnrVGSaCCtp4Wfwruv9YSn9w==
DDkUn5TSWYljdMbu/efc+qc8o8LyeLSzEnqX53bs8abp7Ce/66rYzYpSwstiN1JGoieD9TxDm5nBGi9Ma+rUjdmr7M6JoLrXwHDuMWyhiQNkiWQ1M3AmCUJ2t2ATf25AtXQxu7w2o0j4Fi2jCGBzoJ5DUjAPapn77yxfUacg
MTKHcXike+EApqS3ThVS7mKWq/ncGEYCSRxsifk2oei7CXx7woNzMvYYGUI5KO+Ly5/QyZo2qr8iQzoiMqMLQZz3U10R/se4ax48aQlvJHopFDJTUBSGRSzV4Wd0jWwBE0TuzZKSX5STi4akZbD5j5wCq0zockXXSBQbxA7H2oSv3lE/P8i3pafU
RhzD6AlEEykLs92gqnHa1WKWq/ncGEYCSRxsifk2oei7GHR1xIxyYPYYGUI5KO+Ly5DQyZo2qr8iQzoiMqMLQZz3U10R/se4ax48aQlvJHopFDJTUBSGRSzV4Wd0jWwBE0TuzZKSX5STi4akZbD5j5wCq0zockXXSBQbxA7H2oSv3lE/P8i3pafU
k4kq3EEAxvvIAm17oQ9fN8wjETBLwNMbMbLerdPqjHyNYYi+wsLj3cwcblYNWMpLaZbivtoMORbGiY70doyxBmkM55/rxZhtCrIC62IXEiYih0MVPGPb+UG676xrChQtWcus7olAendAEK4RbIFJ4+QpJFUzUObpwtb3ABMfLuA1lPGbvFbj6Hj27YMIQDPAHuOS0A9K2ZtvjJ+xp8A=
Q9D/pCh+Gv55stQOMMepZ18kLBlgNJPxrewOUdQyX0GSFE/yaoTBFvv/p5WXRdKz849kLuF4TvKQjJdu7HEI1EydgNU5BXkrXXosRTBuQ/HfzJ6EI7QUXKa3Mkiituj7n8DwtvU99bOooIGJTxOWpCm1IZxlV+ZYB+0xEsjgjaelXyI7z7Wkp9c=
YJyMoh6UBGWpn3aBLhhpQonoNhVEqiwVBGUORgpFIigvxlMcV60XFEMyruR2nJH2qVyHL2s9OT1KguL7YgdyFuJX42W80zspAcrPvGsaNF0ZG0xeCTDap4AgzgFskanTpHmEpbPghrkCJtcQEw8OEPXEkSs8pkO4OMYNkwhQU/DeMzKgj/o5Sy/8v6Gn0A==
yeVtpy/2OlRYjGUL0rexEf+pdho28ZrQsdGPiHQ5kQwjwyWrlTpQwINWubsdXU2xIGNDOz5GmxzsUjJobYZ2xbpEPukaXYOB+6vf/pbNqhoxYW14BGzZULb8BNNIIPgCWittNCp+T3m38+rku0GV52R0G4F79B8zxHglCcv60tS/t9crODP1saan1Q==
P5aUYv3uRZYXxXcSnM/Qt+Wdns6KzbJQT57j1IhvqZ4mQb7sdpSBzomEd+er94llKvpyc+KP4u4Cj1Mt/JtLcSHy37RrEiRlOUM8Fkl4an9g2F6J7Bk5q8QhNG1zKHZhIh7HGBMHHijVHGHj/G7z4Fi+nRuI2MMIPuuC6M+ySRMPxK+pp9g=
j+g5LBCVkDNeTDvvMLI8mG9KpL9Zp5qHYerqRzXGqBbz77/1/zWq86LdzI5ZyMZyGHxvjgSh0BR0raj1IRVxK1VqNGUYXnsxBxx2ZNtEnNwuB4roCuawu+ewmNbtLf2zoLCZaafjbmTxZYk83edu2I+dSXKgsNXnnW8KG9elrKff
yH4qS59PKIcRvm28oFGIM9dXOGsml0RW4p8sO/i79XzSWId2Eked8vFI9jcef1tQOtqUuumMqbJFWl25oaAeJZYq/qH2o+YhCCo8CGfW3fPxTRHppIMEQgK2N5RIktZgATaKff5kOjFGzS9J36v7Njpd9sI1QSnA+Ny1WFI8oFvk0MR6HsvpbHZuozHTcw4s11FJP+AU33lHhLO7YDhBASdKrmx7l9Nz5KNZ+YKn8Q==
AxyNqK/X6K3ak9We2AUrxVMlIBR5ddq5svtXXJhtAxOQDQ7yaoTBFvv/p5WXRdKz8o5kLuF4TvKQjJdu7HEI1EydgNU5BXkrXXosRTBuQ/HfzJ6EI7QUXKa3Mkiituj7n8DwtvU99bOooIGJTxOWpCm1IZxlV+ZYB+0xEsjgjaelXyI7z7Wkp9c=
/VP8tRKjLFsNgzy+UeECubwwtK5w/6ik0i3D6D1bOiNocl+VYJpRaAspPeMU6XnOwy66ciLbcNKVRUqCSZct8xUdf9CmLZzp2Qro4lKqjFW343Dxmmr/b3eq+UtCuGUjSt3Rv576D+gzv2ni+kvycUfFmyORqSCRTyvC1tObBRZTL99133VK8wwfow55iCZyuLwPDiThMBTUbch1AVWRK7UqFOV4ntsx51xW5LuEPNzOR6poaiYQuwfwuFaN7V2zAPB56YcjDmRRJWm8/ScO2C/dqfKAcLXnPS/qm/dlzKe/
KEZmRxlqusFtrKIoMC7hV7TDD4gD7B8nQKt29KRpBGTcnXIEp2P8SVu+EpKaq7gS3RWSoiGn1fNtLZfw/v1UqZH6UIL6OhTVL3MYUWLat6+/+qGrashdI3Kt+V/Gqscoew+RQpLbavHfVTNDKVlo0Yf7mvY7q30Wqx+3VQclAjPDaRvu0Ri+8iAs565cUfhUnL0QFSmlqSuN2jyFoE6TcS/sLkRTFKRcVtcCiNJW2HtPoGB25d2ls3jAkcnf88YkGdXR3FW3lli3TcFSeMD9J/V/snvfFfSnhw==
dOtSzIa49+CNARYO1wp7qOOVmmoBJ1mCwis8sdal4PbvXGBt/8J1s5PubzZEIeLLzRH/Ub/xDZYxGUoOhdq2cg180fpT7VsgMwiiVKaJwomOvLoR14es7VdzyTxrLuu06JchfVhc+e6W3Si2SrMM35U5vH/wh2MeKiOKkDPCU2ESGg3ixWmMOM8CUJDJYSheL9oG9YbCH0TVkWeKm7On/g==
Qu4K7JJu98jdJSfs0j7LnkIJ9qiC1V62Xkmzq7YezIWumeDy51BweefeVde7Al9CfN2ijwXdrwVnLW0y2bU6un1mNvaF8EFuy3H7xJtkEqAe9QJNxvBqxY/bTMk/XzkIExLrsOCbMWlAQNmKvjEYwnJPTJtd9ewrKFsDusKP+iTLftPlmpaddl31LNxnbuBkcR3ommeW1iHenv9gvb2XvuOPp/o=
rgjTv/QW+VDsRg9jB3b7puzkgRUE7WHFOeDpB9k6m1AAIB5gc2XT9PRhod1eIZnT9wJqMh6XTht40cL1qzMeRh+TwZYXJ5Plg20uE23h3/71QCKyPHQDPphZFDRw9RRlzd1VK3Gi2PWkBn8Rw+Tq1LdMuBzKjyaYFt50W2Po5MbB5RkzxPi1eVs76gS1XZXMcW8KmKuVpcI8yJHHmbe2i7vtiKf7
kbxqLGwBiU+utlOBO7/Sx3s7SeOYinzjK6ZccY5RiB/Un6Kf4PDjTnhz2yhFxa8sJ3iQ+4JtIaOH7zt7nQCte+LgMaB2tEEuCSQ3x6sWTwqqWrKT4u+iToJvE038u4vRoZKflGsyZAW54/w2SRgqn+B4Huns+fkLREH0jXMINsGi/gc4EyfeyFW8IcP8jjOA2B5d+4i4g6i+C8KIz5KJs4+k74mn+A==
FZ9+IaST4SHOFxlwLsoDIGuo6Zlg9sDpvPzXueuyQLV146XzNqqqNlhZN5Z/d1sFO/1205Tdx549sIoyVMTLHoApLPSoZWzFBQ19K1lyEFXclqfR+5Ty9H/80Jxif+74Du6Mmzt4XCYJtXEzLCj9GeOrMkTNbY0sOR+iGEMl7eIkOKmHwSdOK/O9oKfT
lCjU5ziYF+qLo78yBp8PnPqAhOXohiQhQr2WVPLmzzuxpytTv8q2Wl0EcXKjNRtPIjFCnBYRQiFeRJoZp99sBcfLqXRbNuucuO+B9aiEuYaG5ch++iuMd0XBnHeA36P2upvq2APaU0lCYq1qNbHMUN86sFh5+aj2/yIm/faa36xFKQfCq6un1g==
cWmCidEGjlZ15bcgRe8f24v68W/98WpjgtI2LjVoITb7aTtYKj1yuC4tgpX26AqdP0OM0Q8HWZCjyutoUANRMXBYGRIOaXjaQpfMQ23tjHOYw8Oi8teavHum0z0qDv0ube3sRNc2gHxBxWhCV462eW4GP3iN5fcmU1enIg==
DrM0D78Xkvo1n8zn75n5R1NZ4ZiKEgDgs1aJm82dnVGw47bcwIZr/PxSIkhdRsZlCsSuSUod0+GLq6+exo36uqHh3di0rOlwpvwUM7jgCOKqq/3U+r6fWYfz2sTrAcWH9PRr4Qu0b1PUeDUp+7pidA83R4vo8yVRVqcl
DUgQDWFALK0mz9aTnga7RYn68X7/525jgtI2LjVoITb7aTtWKj1yuC4tgpX26AqdP0OM0Q8HWZCjyutoUANRMXBYGRIOaXjaQpfMQ23tjHOYw8Oi8teavHum0z0qDv0ube3sRNc2gHxBxWhCV462eW4GP3iN5fcmU1enIg==
8gLrCQvlquMiEVFeKD8y4lNZ546WDwDgs1aJm82dnVGw47jcwIZr/PxSIkhdRsZlCsSuSUod0+GLq6+exo36uqHh3di0rOlwpvwUM7jgCOKqq/3U+r6fWYfz2sTrAcWH9PRr4Qu0b1PUeDUp+7pidA83R4vo8yVRVqcl
3JpihZywMvJxS79VO4Z3fVNZ5piECgDgs1aJm82dnVGw47HdwIZr/PxSIkhdRsZlCsSuSUod0+GLq6+exo36uqHh3di0rOlwpvwUM7jgCOKqq/3U+r6fWYfz2sTrAcWH9PRr4Qu0b1PUeDUp+7pidA83R4vo8yVRVqcl
v5CXAvihITAf1MDwyKxvYtK3JEcT/nVXVT1aFQpDayk8wQVPSK0LAUkr/uR7kf7/oVv0PHA0OjtKguL7YgdyFuJX42W80zspAcrPvGsaNF0ZG0xeCTDap4AgzgFskanTpHmEpbPghrkCJtcQEw8OEPXEkSs8pkO4OMYNmg9QU/DeMzKgj/o5Sy/8v6Gn0A==
mDotozexM6r9v47WgUaHIje4rV5m8pb8orLIbox/rYWCMODaz9PneAQRAMwk5A1PdXXF0BdJdXD7BVab8Z886FogMj9aZsqvIlPa8nLTa/EcB/PtUa7nqGsOHDlJ34SKqaRSIxDEZlUsxYE3tH2MsZM0Tn1SQn+Ek5umdKUAWf8csku8KCIlzk8E+xROt7o0Ly7xj3+Yl7WnxA==
lLzg7eomDsPtVtJvxKDx/p/klhUEqWHROJvpDp4KhXM1AzVCdVud8MUurdoXEsbB+wklOlCNCkRvzcLVq3pbbCy92owTNOmQ5VRkWXGkgpXGbALMG0EHPa1XDzZw9RRlzd1VK3Gi2PWkBn8Rw+Tq1LdMuBzKjyaYFt50W2Po5MbB5RkzxPi1eVs76gS1XZXMcW8Dn6uVpcI8yJHHmbe2i7vtiKf7
lLzg7eomDsPtVtJvxKDx/p/klhUEqWHROJvpDp4KhXM1AzVCdVud8MUurdoXEsbB+wklOlCNCkRvzcLVq3pbbCy92owTNOmQ5VRkWXGkgpXGbALMG0EHPa1XDzZw9RRlzd1VK3Gi2PWkBn8Rw+Tq1LdMuBzKjyaYFt50W2Po5MbB5RkzxPi1eVs76gS1XZXMcW8Dn6uVpcI8yJHHmbe2i7vtiKf7
GUydw2ZGO77Gb7KAYta0/TisMvNcYdexF9FbSvOaKi5RiaqA7QcSmcGabTElRBGIPS159h2wpU/cw6zIyYcfwF2Ws5KtRmzDgmUCdsYf3F8PK+M6fSsQcUdZdaLnMxTbW2drwv8qG1SyZ9jOQywJ6LGYjpGPx1nQIwrrqNBDUfHwGBnSjil4GsLXzAPtLYwzGAPD4nIXmvz7ZtP9qk797u2t7IRXdoC8wY9vAtdOtjnuxj84DSX3ZtOXp+I=
f3T5fFfj0BVa4d4X8d3fkbcLFekj4QT0up2yxPX9gLBrucsMzRJ9N9vmgfM8EgNTvrYui1c9GgNVDZcvyBElU3nRqKY+LDO/ZnMPH0PrcbNfaNSoSDK9gK5g5ryua4nTgsQ2nQSVufEyGLS5EpOBAVP/IzjqSKWlfdW3Y72mgoHObfcZN6sTZuL9fnKNgXHQ8DzNqDq8COvc8MxqxosRHP4Oe2H7cyb8j7HBz5jUh2lPpIsLwr+pcd8qpnyj12vDbAMBKeqnmQ==
xRAx6GvT1tDdlXQNK2h4b98Te6SIm5Pv48bEmKqczxmrh1ehzu8Aen3jkiEH2zBcmMX2WteS5YJkNtdUKJL2oKG2Kr3eZBrx5k2Pif+r2/aa3VYCFUEJAFhcFZhyPMCbBFCkuv7LiayW7sPxM3NubDfRKX8AFL85pwTT+40/YUGHyg4sW5fzM0Qj+bmip9E=
WxJLYIofLs4+8Bz9gHdMKjg7SLjITHkZYn8sfE/S2xBjAyfbRCyX/QsiO9O6senhKMqh74xlMuhOXYLllrhKzZ/zDGGv15lAQzrrmLDTkeHQ6Jmirjk4iiLnzDMNvcwjOHNDElIHWmybVtPNyt49/s1dbPR3ZsAsIbhvMjfe9inOtr/ILTU39rOnp9I=
0uSalqsz2MelbaHL6lmmat/4242Yog+Y1FQMv6lj2N23iAxpRuYQl1yK23QIqlWTz9wLnG7/Kgzv1uHHH5Anbacc
H/k2UVPVycMI/bBKCyQ2PByrzqfl9NBktp70qN8cbH60soyls4gSxMR63fQL0wcrqsTasxvd8Th9Wc0uXtO0i7Yqi3Kvgre6QQq9xn4r6wFhov+kawIENXkznKbJiIrPIIg+mewJ2XsEkVQd85jWkeLO5wgTFz74FezBU3wek1CYbn0Hj8ijWH5bYhhPAuljT5SPuafI
ebT+yf2gdMT/uGLOfKbsfmk8ambRf4O7faKNWLzcclKEwmoaMgErCvP7aIOs2hQP9AECbQRSKKF2i8Bthy9GL5XCfG7ovg3JLG9ePUKFZJYt/dvTRoWFkE7hx9mOKFL6N3lC7wce0VLIuYS0gJWkpb39RSthgqg1FGaPkVMEupRnLIgcuq/22MZ+5NvTSBSG8QUJM9SYhbkrm1qEJf3FDCFP9p+bdfUC7KgBR+lXBstLzZin6w==
4P9b0aS0412/xOo1mcvwVh5hpJUnE6jvXt87ajVlP4YeKiey9ikh7+/oJFluRv0NpHTbATv037MIf2WJC/oSVP+3F6v4M7UxZqcV
8AXQPqkLirQ2N0a6NPtxvTfV4vL36NM2V8nVOpp5U2epHx8aHX/Ntemwg0BOVRSlRuRRb28l1JRBTSVcOzqu3ahyWBdPYmB6teI6BHXdVcwx70af6xXlwnxI0cfZN3aLe21Ipzs=
FXVd2zD0W5V/AdQQRvjBTPaEJ1eNrSoBhh6IHc/VDwesVF1eWt65kPkuSkoYFZvhkQm2gJ9cU/lIlmdcdNDki7mXkHk3LESdVtL4E/xOs0DY3t03j/gD6L5LQsjP0glzj2RvSac4
+8TNLSX1Iw7ke6U8pXYFKhd+YCxRRiViWuLBrAkSMvb4qeNdYbXOPF9gK8W4qh9glOycN0kr6MW3kDwhpm6ALxxyy3wo4qULT0R7VE73OnQvbnFPf1gXdacE
YDGQcvQGXoAUPQBo9q780Cppy9cvmVEZQ08tZlrmybgZBhoS2M3LiTHhBvgfpOOR6H63BDQINKPZv2BBNxS0tTb6KMu8FmOoeLZtzw+AswAeIxIQD4pZW29MH3GnAA==
Df0J9IR1AIumRFq5yC1L1QNa5PIeq3ADdE8tZlrmybgZBhoS2M3LiTHhBvgfpOOR6H63BDQINKPZv2BBNxS0tTb6KMu8FmOoeLZtzw+AswAeIxIQD4pZW29MH3GnAA==
Be8jz+0Hf7AueTYWVbjhynM1mRjFp93noeDaZE02kZyGhEg/f/eJC6qevwaHPwDEy7LEWmB9AfUsh/dWcHt+oPQd7CSXlgCcgelvYpduNtkuZj+YTUV3RhN3pwI=
qlE6Hv+a3lSN4Glv6fkByJ/klhUEqWHROJvpDp4KhXM1AzVCdVud8MUurdoXEsbB+wklOlCNCkRvzcLVq3pbbCy92owTNOmQ5VRkWXGkgpXGbALMG0EHPa1XDzZw9RRlzd1VK3Gi2PWkBn8Rw+Tq1LdMuBzKjyaYFt50W2Po5MbB5RkzxPi1eVs76gS1XZXMcW8Gn6uVpcI8yJHHmbe2i7vtiKf7
Q+jz5+PwoqIVeMlGxgPZ5x5hpJQnE6jvXt87ajVlP4YeKiey9ikh7+/oJFluRv0NpHTbATv037MIf2WJC/oSVP+3F6v4M7UxZqcV
7MLNwhbOTew/K5YZjCDD3X183c7qZumoteq5et9y8XrHGVBGzfwbxgGKqYnqXzFPtvXRPwv46ykU7mLZb8ihe0lckHVx8I7uPyF6mXxUK3yprpabdPHLSnHD0BUucHWTM6IGK1g6fyatP24yoytzS/I6wetnGUSIIRVL8byqtkX6RP5p2l3DATurH37WzWqa8WEt+MRsGdD2/MRTiCC4gporrbRqfo/5d/OqZPtBVWckdFsBu/Rfs4h/5YmL+pJUf7eXq3gzNTHmp5U=
eFO8/RhSXqyv+weuknMiMMaRZiU0ajcxln4NSCfLlQyRsnMaalmuDHIi3qRfL32PusDYTxVvawQWPTUiRMXCa6UbP67VdSDeiZye6L71vYdFpcA3ICrZO3S9rAyHniDU0UHvyscmFtE+Tn8w3c3XDkNfpyo=
Gk0O1TQ/LO/gccRlkTTFywkkUG5nE10gOizmRH9umQMMyss+Yb8iKhNbrmOOmt2D08lQsK1VRwko+kLtZqTCAQ5tt5n3q9Pmov2+8s2BsVAwPI0o+rxIa5zwDOqGi9Gcvg474TtzZnxPsQFP2NRH6Q+kS4sEv+nxHyrm/OPXq0MsA8GpqqfZ
BJpvUz5/+C+Y+MsbU/XknKK1axEv7Ii+q9ORmGR4jS8jziWrmDo/pu0/rrJnKzrLMjoBaycZhAjhFQtxfKp2xbpEPukaXYOB+6vf/pbNqhoxYW14BGzZULb8BNNIIPgCWittNCp+T3m38+rku0GV52R0G4F79B8zyH8lCcv60tS/t9crODP1saan1Q==
ebT+yf2gdMT/uGLOfKbsfmk8ambRf4O7faKNWLzcclKEwmoaMgErCvP7aIOs2hQP9AECbQRSKKF2i8Bthy9GL5XCfG7ovg3JLG9ePUKFZJYt/dvTRoWFkE7hx9mOKFL6N3lC7wce0VLIuYS0gJWkpb39RSthgqg1FGaPkVMEupRnLIgcuq/22MZ+5NvTSBSG8QUJM9SYhbkrm1qEJf3FDCFP9p+bdfUC7KgBR+lXBstLzZin6w==
PnWcFHY7l6pZil/XTJvdmHjTkaiFDQ8YQwBqi+w4gbi2TDE/lqJADp8PEDhPX5WZktiB0MUpvrJleiMzHqMLQZz3U10R/se4ax48aQlvJHopFDJTUBSGRSzV4Wd0jWwBE0TuzZKSX5STi4akZbD5j5wCq0zockXbTxQbxA7H2oSv3lE/P8i3pafU
t5zPUxBDmVFR1Tw0jZsgHJ/kmB0A92TWJcy9AdFzpFsPKwZtRnKd8clv4t1SAd/W5gglM1/ECkBj842+q3dWAjG6w/8ALumT9Bc8Si+3yaHqVC/1BW0SEphZFDRw9RRlzd1VK3Gi2PWkBn8Rw+Tq1LdMuBzKjyaYFt50W2Po5MbB5RkzxPi1eVs76gS1XZXMcW8Gn6uVpcI8yJHHmbe2i7vtiKf7
lRsipyw2i/Z8pDyWzMUNj1RBIHx3HZ86AI4+T6SrtZkbPDUzTyQ6ANMTPT47l4ZCYZoz/3AOOVOkd6zKn9d5Ydo0P/UVTWLSaPlktOBVRCUdPWUrQUIItfSm75GzRBoUx2yoHNrvFlimvsTb84i0BhHFaTM02OU5i9t6hAW9JYxBjxafu7VVgkxoYUcJF2ZL6424p8s=
LQcfOaH/6IPF6lgU5ZRZFml/ZxmCOyTGZHWjwYeM8A4TU2kI3Njlf2sO7VuwGifW9T+2Qn8LErt6esm7z7k8mJmVs+GESt6V8gR22fK9m7Hjq8fOji1CKnkhJSisjCHADnx8Q/CAENKSayVEAl5Xia/z8pSjYb0XrLRT0RNUp6Mw/52Zs5p6BHd3HxtQU+2BvqfN
/RVhdHs7rlGaHmm37XEd4pwFinpShUtEvq4hDSOE/4nRUkElUpK3nMVBh6C58gJnOILtBiBPQPjTQ6t6c0OPXc7Z4sQ9jb1sqX/eH3OFfSLUGBkHkUdea0MdcKcD
eEofhpU/1k2j1oUNIQsaLKMSfyABInpHMJIFRoi/yFgLM7N6a7PX/UapSgRVnbVMUS9mnwtVRULcCDHH+ffWC5staKcb
2ITjz9vCMwBi24QoqhaXP6YTfyABInpHMJIFRoi/yFgLM7N6a7PX/UapSgRVnbVMUS9lnwtVRULcCDHH+ffWC5staKcb
6tg1Kx+31zscffXY/2ExP6ESfyABInpHMJIFRoi/yFgLM7N6a7PX/UapSgRVnbVMUS9lnwtVRULcCDHH+ffWC5staKcb
0ywqjV5RhTa6akkJ7x8NiigsspNC3ghiED4MWyvL4NAOT3mBjHjJ3trEDWZhzSvPnMIrDOgyxRhPVJsEDgdaxK8e0f8/iDdlpxQ=
SdVdj3TUL6BK4lxzoV8/1C0sspNC3ghiED4MWyvL4NAOT3mBjHjJ3trEDWZhzSvPnMIrDOgyxRhPVJsEDgdaxK8e0f8/iDdlpxQ=
EfWUvRI1tEfcZfcj4tZUKBIxQaHdgKOGIK9KZleW2gtyENF3cTqp9w21fJ0Y1Adpz6QLC0e/KXFfKiZ8I9frw+wDgSlqpxk=
UGBHfk3Ek45WgYfQJbaBx34E3+9VcfHOEcBvPnR/Po4LNmaj5mAl7/26JW95Reg1pHTbATv037MLf2WJC/oSVP+3F6v4M7UxZqcV
KQxIXPrrRuyrMjikIeuI+hU621ZkjLCcqP3DsQyOvv0tV/SylRAahskgqZfn8cwQX/qwGPk2rzZ/YiY9dtrf7MXpB4Ira6cW
5L3Oi6P1tgGJ+2UO3LyWSxAwwFZkjLCcqP3DsQyOvv0tV/SylRAahskgqZfn8cwQX/qwGPk2rzZ/YiY9dtrf7MXpB4Ira6cW
xtL05YIt5Ede7XZf0dIflSwsspNC3ghiED4MWyvL4NAOT3mBjHjJ3trEDWZhzSvPnMIrDOgyxRhPVJsEDgdaxK8e0f8/iDdlpxQ=
ep2SrXYvmdCOZ4Lw09VZqBExQaHdgKOGIK9KZleW2gtyENF3cTqp9w21fJ0Y1Adpz6QLC0e/KXFfKiZ8I9frw+wDgSlqpxk=
KJvLNM4lJ3kCf5jGr/U6ZKMTfyABInpHMJIFRoi/yFgLM7N6a7PX/UapSgRVnbVMUS9lnwtVRULcCDHH+ffWC5staKcb
MTiZ02tEp0/VrlZgzxYYS6ATfyABInpHMJIFRoi/yFgLM7N6a7PX/UapSgRVnbVMUS9lnwtVRULcCDHH+ffWC5staKcb
Xi7RhNptBOREfKLwDriIiKETfyABInpHMJIFRoi/yFgLM7N6a7PX/UapSgRVnbVMUS9lnwtVRULcCDHH+ffWC5staKcb
kvUhMxSwpPcsTnD5hQWpvacTfyABInpHMJIFRoi/yFgLM7N6a7PX/UapSgRVnbVMUS9lnwtVRULcCDHH+ffWC5staKcb
v1ukTQ1ZbDd0hFw8Dgn0PmInJbbdgKOGIK9KZleW2gtyENF3cTqp9w21fJ0Y1Adpz6QLC0e/KXFfKiZ8I9frw+wDgSlqpxk=
Uex1xX/8s3cZ1E13EG/S+J0FinpShUtEvq4hDSOE/4nRUkElUpK3nMVBh6C58gJnOILtBiBPQPjTQ6t6c0OPXc7Z4sQ9jb1sqX/dH3OFfSLUGBkHkUdea0MdcKcD
9s/reIp73zNQDvrWNILGVAE701ZkjLCcqP3DsQyOvv0tV/SylRAahskgqZfn8cwQX/qwGPk2rzZ/YiY9dtrf7MXpB4Ira6cW
hArQbACN+ecrcZsa2+l4TGpRz5aLKrNgzVqOF+Q6ueYUV7yon6s/+ucrQ42ywdak6TXhnCXXKV9HbXESCGDNp+Xf4juPNWSnFw==
DC5l+iyTpfGA++wCgwsjNXHt9Yd988DlqK/Ns/e0QqB7w/X+c+fuYnlqK/9ofiFzTIdkiteH0cEipId1bd3aMoApLPSoZWzFBQ19K1lyEFXclqfR+5Ty9H/80Jxif+74Du6Mmzt4XCYJtXEzLCj9GeOrMkTNbY0sOR+tH0Ml7eIkOKmHwSdOK/O9oKfT
BNA4ZzNHLZkIxXiSQHkqOtFTOuPcjpT059vE3O+T1VCoiFGXh65BMySqsy5pvyo667uGU9bapdN7achAJdXPubCaKr3eZBrx5k2Pif+r2/aa3VYCFUEJAFhcFZhyPMCbBFCkuv7LiayW7sPxM3NubDfRKX8AFL85pwTT+48/YUGHyg4sW5fzM0Qj+bmip9E=
WxOXVomhi67hfXPj1H+sT6LwnQi8oFNytixUDjZrRYDDmJpjTJDRwPZ04dd2inAWnxcgEK+3RaHSoNF4ZcFOKuXiU1u+C9u5XM8DNXHW96BrBgxBaQd0Quns4vvwfPbdrE0Rj9QlPHlTfD4lcrpvjJOTtoyFWCm33Hr75EiatUDPjGusrm8KfG/mAVdf4Ie9p8w=
eACIu8YO8juFKuN0rvfC+NIFr6dEQuM+EHQ4XUl+47r+BWS6PS7GJpWBTlCMyN9VZFZnfYlvgtKFzr07kpSFgPf9VuF3Fyxdt6OJTEs+64SIx+GN+Mx5XnYNaMZqowzv9Wl8j1AX467K88rgE9JTUXJKzRJl+QyIL9IQ4Ol+L25PisYFJlKf9DVBJ/q7o6fO
+Qz32R4VfAoYn1AG43zirhyf0mhunc0e+u3OY6v5twjjPOwEV/aAPMEKb4LXzra57kY/uA2l9+bTF6di
IqzLwx7c5VN/PokMHxEHNj4U+RJa3rqcqLiLoQaGtrMnV73nghFOl8MV58y74MwQX/qwGPk2rzZ/YiY9dtrf7MXpB4Ira6cW
/DMr6zw+u6sxNOhxxm0D9l3jciGnl64XbCeC8bFQfgT1wBmjv4pTqFl1fMLhEQxgrtrfgGBuqJ3ou3chmVS3CT/kO+s3vxlRr2qW3FNXe2M8Q1EJeqcJ
QpIsCi86FxrDIeogJ12v8uYoJypVIXMbPNIDQc60xFJVJLIuernisx31WwRVnbVMUS9lnwtVRULcCDHH+ffWC5staKcb
l6ilCqINfiYvI2iliWzT4lzjciGnl64XbCeC8bFQfgT1wBmjv4pTqFl1fMLhEQxgrtrfgGBuqJ3ou3chmVS3CT/kO+s3vxlRr2qW3FNXe2M8Q1EJeqcJ
QpIsCi86FxrDIeogJ12v8uYoJypVIXMbPNIDQc60xFJVJLIuernisx31WwRVnbVMUS9lnwtVRULcCDHH+ffWC5staKcb
GuPfnYrJBrjxC8/COpj6lPbW6VVIL4qUlHQP3NmwxWv7SpfghcUQGkVx6NjCSmMI5O4sFVQrm5n9tBNR01RnI3P/3RnzmrqEt3dfmxBTrQF+pw0=
QpIsCi86FxrDIeogJ12v8uYoJypVIXMbPNIDQc60xFJVJLIuernisx31WwRVnbVMUS9lnwtVRULcCDHH+ffWC5staKcb
hYWJxxneLcSmBzilbz8clPfW6VVIL4qUlHQP3NmwxWv7SpfghcUQGkVx6NjCSmMI5O4sFVQrm5n9tBNR01RnI3P/3RnzmrqEt3dfmxBTrQF+pw0=
QpIsCi86FxrDIeogJ12v8uYoJypVIXMbPNIDQc60xFJVJLIuernisx31WwRVnbVMUS9lnwtVRULcCDHH+ffWC5staKcb
/DMr6zw+u6sxNOhxxm0D9l3jciGnl64XbCeC8bFQfgT1wBmjv4pTqFl1fMLhEQxgrtrfgGBuqJ3ou3chmVS3CT/kO+s3vxlRr2qW3FNXe2M8Q1EJeqcJ
QpIsCi86FxrDIeogJ12v8uYoJypVIXMbPNIDQc60xFJVJLIuernisx31WwRVnbVMUS9lnwtVRULcCDHH+ffWC5staKcb
l6ilCqINfiYvI2iliWzT4lzjciGnl64XbCeC8bFQfgT1wBmjv4pTqFl1fMLhEQxgrtrfgGBuqJ3ou3chmVS3CT/kO+s3vxlRr2qW3FNXe2M8Q1EJeqcJ
QpIsCi86FxrDIeogJ12v8uYoJypVIXMbPNIDQc60xFJVJLIuernisx31WwRVnbVMUS9lnwtVRULcCDHH+ffWC5staKcb
/DMr6zw+u6sxNOhxxm0D9l3jciGnl64XbCeC8bFQfgT1wBmjv4pTqFl1fMLhEQxgrtrfgGBuqJ3ou3chmVS3CT/kO+s3vxlRr2qW3FNXe2M8Q1EJeqcJ
Wz/89rVKLCA+mmmltkO5xBsGeoRzoG/BpOwZF57vbnAKlc4bW4FXcBNELHynjmBEMXLv+ie2VsEePv/A/d0XniNvpxo=
RcYyRcJp/eYVEWDZlScZutxc8gzdUeI38vZ/eovJGOj07jx1pGtLOW00Y7FjFLdDg//tOaNayiQH98/7wBOdIW6nHQ==
v3IIC400yRejLHWktMLB62wsIRnxdDn7+QALhHJpTp/TDcfki9iM2A8i0PCJzi++7/qGlcZiH6QVsefq2xOnHg==
IqzLwx7c5VN/PokMHxEHNj4U+RJa3rqcqLiLoQaGtrMnV73nghFOl8MV58y74MwQX/qwGPk2rzZ/YiY9dtrf7MXpB4Ira6cW
/DMr6zw+u6sxNOhxxm0D9l3jciGnl64XbCeC8bFQfgT1wBmjv4pTqFl1fMLhEQxgrtrfgGBuqJ3ou3chmVS3CT/kO+s3vxlRr2qW3FNXe2M8Q1EJeqcJ
QpIsCi86FxrDIeogJ12v8uYoJypVIXMbPNIDQc60xFJVJLIuernisx31WwRVnbVMUS9lnwtVRULcCDHH+ffWC5staKcb
l6ilCqINfiYvI2iliWzT4lzjciGnl64XbCeC8bFQfgT1wBmjv4pTqFl1fMLhEQxgrtrfgGBuqJ3ou3chmVS3CT/kO+s3vxlRr2qW3FNXe2M8Q1EJeqcJ
QpIsCi86FxrDIeogJ12v8uYoJypVIXMbPNIDQc60xFJVJLIuernisx31WwRVnbVMUS9lnwtVRULcCDHH+ffWC5staKcb
GuPfnYrJBrjxC8/COpj6lPbW6VVIL4qUlHQP3NmwxWv7SpfghcUQGkVx6NjCSmMI5O4sFVQrm5n9tBNR01RnI3P/3RnzmrqEt3dfmxBTrQF+pw0=
3nwX9GJzwBCP6BP7FGU6fRyf0mhunc0e+u3OY6v5twjmPOwEV/aAPMEKb4LXzra57kY/uA2l9+bTF6di
fjhkdMF+gCC6zKBCgQUZlj4U+RJa3rqcqLiLoQaGtrMnV73nghFOl8MV58y+4MwQX/qwGPk2rzZ/YiY9dtrf7MXpB4Ira6cW
GcxQ32LB0/ysdeVkgO0c2l3jciGnl64XbCeC8bFQfgT1wBmjv4pTqFl1fMLhEQxgrtrfgGBuqJ3ou3ckmVS3CT/kO+s3vxlRr2qW3FNXe2M8Q1EJeqcJ
3nwX9GJzwBCP6BP7FGU6fRyf0mhunc0e+u3OY6v5twjmPOwEV/aAPMEKb4LXzra57kY/uA2l9+bTF6di
fjhkdMF+gCC6zKBCgQUZlj4U+RJa3rqcqLiLoQaGtrMnV73nghFOl8MV58y+4MwQX/qwGPk2rzZ/YiY9dtrf7MXpB4Ira6cW
jCkL0tuVU5Rj9fNBYN3YRfbW6VVIL4qUlHQP3NmwxWv7SpfghcUQGkVx6NjCSmMI5O4sFVQrm5z9tBNR01RnI3P/3RnzmrqEt3dfmxBTrQF+pw0=
+Qz32R4VfAoYn1AG43zirhyf0mhunc0e+u3OY6v5twjjPOwEV/aAPMEKb4LXzra57kY/uA2l9+bTF6di
IqzLwx7c5VN/PokMHxEHNj4U+RJa3rqcqLiLoQaGtrMnV73nghFOl8MV58y74MwQX/qwGPk2rzZ/YiY9dtrf7MXpB4Ira6cW
/DMr6zw+u6sxNOhxxm0D9l3jciGnl64XbCeC8bFQfgT1wBmjv4pTqFl1fMLhEQxgrtrfgGBuqJ3ou3chmVS3CT/kO+s3vxlRr2qW3FNXe2M8Q1EJeqcJ
QpIsCi86FxrDIeogJ12v8uYoJypVIXMbPNIDQc60xFJVJLIuernisx31WwRVnbVMUS9lnwtVRULcCDHH+ffWC5staKcb
/DMr6zw+u6sxNOhxxm0D9l3jciGnl64XbCeC8bFQfgT1wBmjv4pTqFl1fMLhEQxgrtrfgGBuqJ3ou3chmVS3CT/kO+s3vxlRr2qW3FNXe2M8Q1EJeqcJ
QpIsCi86FxrDIeogJ12v8uYoJypVIXMbPNIDQc60xFJVJLIuernisx31WwRVnbVMUS9lnwtVRULcCDHH+ffWC5staKcb
l6ilCqINfiYvI2iliWzT4lzjciGnl64XbCeC8bFQfgT1wBmjv4pTqFl1fMLhEQxgrtrfgGBuqJ3ou3chmVS3CT/kO+s3vxlRr2qW3FNXe2M8Q1EJeqcJ
QpIsCi86FxrDIeogJ12v8uYoJypVIXMbPNIDQc60xFJVJLIuernisx31WwRVnbVMUS9lnwtVRULcCDHH+ffWC5staKcb
/DMr6zw+u6sxNOhxxm0D9l3jciGnl64XbCeC8bFQfgT1wBmjv4pTqFl1fMLhEQxgrtrfgGBuqJ3ou3chmVS3CT/kO+s3vxlRr2qW3FNXe2M8Q1EJeqcJ
QpIsCi86FxrDIeogJ12v8uYoJypVIXMbPNIDQc60xFJVJLIuernisx31WwRVnbVMUS9lnwtVRULcCDHH+ffWC5staKcb
/DMr6zw+u6sxNOhxxm0D9l3jciGnl64XbCeC8bFQfgT1wBmjv4pTqFl1fMLhEQxgrtrfgGBuqJ3ou3chmVS3CT/kO+s3vxlRr2qW3FNXe2M8Q1EJeqcJ
QpIsCi86FxrDIeogJ12v8uYoJypVIXMbPNIDQc60xFJVJLIuernisx31WwRVnbVMUS9lnwtVRULcCDHH+ffWC5staKcb
q7KEvln5eRJauJP5FA8ZPiIc5VtFyaud56/Z90iIubsmW/7sghFOl8MV58y74MwQX/qwGPk2rzZ/YiY9dtrf7MXpB4Ira6cW
6WV9qwF9p9+HypDK9LWvPJjDzgkOj6MvLQWbM0C1qIk+phLEHU0d7Mm//R+Txd2itNh5B7EHvuvj3RCnYw==
AZw8FNUMY4XiNz7UYShq4Up54LLLC/Z7mR/cWOY+vuZbUf/iga0vs/QdBNni/sak6TXhnCXXKV9HbXESCGDNp+Xf4juPNWSnFw==
g72LTmMV7i2wHoJ0jKTDmcYhfYpiYU7nI2UnvFuQTGC/inBoGUavRp8S5k2Wql+cJZnH8ssbp2Y=
ZX2YIXkTRzHCrcZMM+I0tPf+DKH6nA6uxgFGA1k9dyR5lbFcdfc5X1eNIdJYgF0nlT+S+//VFKdn
g72LTmMV7i2wHoJ0jKTDmcYhfYpiYU7nI2UnvFuQTGC/inBoGUavRp8S5k2Wql+cJZnH8ssbp2Y=
/FAiQUhnofUTvwEtqprRSnWK4uwmNbvFFUk2qw6h7zf/0r/qvPYjCPjWrewPoPPgnoPScA+qGbvv7N8Rp2A=
TWzJzID/XnZSYtS29c32T1730UNyQdHwrWZXCMYXTvrJpKx6kSX0LkkxouVmDu7Hjs03e8/+p+bcOnukSFo1gM/M6+yur4q8byaBF1+gB32nDA==
AoQtzL4addwhQtD2er88Dqvo9T9f3v7yR0AG7+qUZPY5CnrAHtDp+0B8mYf+Hy5AKoXOC3uxF4Bz1KzsR/6gdBFi7+oHhpax/q5/UJ0tV64Df6cK
GxfdN4V+S3NmtlQ5eDDWqw2501RmTNOytnkWDswYXaiaprJ6kSX0LkkxouVmDu7Hjs03e8/+p+bcOnukSFo1gM/M6+yur4q8byaBF1+gB32nDA==
F5bURcrAGx6r1uTl/rRaZ2Iby7oUTEc5mZD2DOMIz2n0JFnfzsdOWBqdzhNLqXdYQ4xstPcmwOyh+m9ytx72aU72vwit9Te2M2enEg==
0/J9nYXlBakWmI1UqWXBoHcqm49qxQR7Gi8xMwilxb0XEQgUy93Khj+jFeZWvqfW52PoAikdeqnW4nZLDkGvl3+yf8q8FmOoeLZtzA+AswAeIxIQD4pZW29MH3GnAA==
WPctoWi3lusnZFMhiH7C4FUvz45mNBfDCRG4od2R2/tEIluB9uQcMr00ui5yqYpTRSVjRI3tTSz5n+0fg6Ut4mS46YcBpw4rsz1gpxM=
QpIsCi86FxrDIeogJ12v8uYoJypVIXMbPNIDQc60xFJVJLIuernisx31WwRVnbVMUS9lnwtVRULcCDHH+ffWC5staKcb
W6vf6dAJtdmq/2+9pZRSNourxIbR9VSeyUFCtaY+zteO3RdLD65HllyK23QIqlWQz9wLnG7/Kgzv1uHHH5Anbacc
Bac1CnJKmZNGflOoHATk9U2/s3zacppegXK8fXfs7D11oUZTDlmf35867zL8LnOgWH4dVI8YQ0g+KwIoz/LJ0w+EL2mnGA==
2L53uLLP96YC55H5a20CmyAXtwlS2LGBqOuPpAjPp7IgR73nghFOl8MV58y74MwQX/qwGPk2rzZ/YiY9dtrf7MXpB4Ira6cW
/FAiQUhnofUTvwEtqprRSnWK4uwmNbvFFUk2qw6h7zf/0r/qvPYjCPjWrewPoPPgnoPScA+qGbvv7N8Rp2A=
VDRU2ywntfaUG3SbtgJPVK+M4kztmTg/q5GkL2QKUcy5uGNsIRBtm3PKH1DtJahqnbGQCBoqSxjs7iQFfMvDyQX0S6FrNI+T+39VaVs6wjRvN2dLSHNFEXanBQ==
/d03cQEorg7paXXhnDE362IbyLkUTEc5mZD2DOMIz2n0JFnfzsdOWBqdzhNLqXdYQ4xstPcmwOyh+m9ytx72aU72vwit9Te2M2enEg==
F5bURcrAGx6r1uTl/rRaZ2Iby7oUTEc5mZD2DOMIz2n0JFnfzsdOWBqdzhNLqXdYQ4xstPcmwOyh+m9ytx72aU72vwit9Te2M2enEg==
eEM3Azb+pfrUGIPSxTZFCHbq0lv9+XhJaNS70XkrdnCm3Zg7oC8TZqm594tYGk9hwrzgYhHcLq7mwSaDOf1XJJnVUdzVtxlfN01BUvjAfSd1fzJ7XxV0pwc=
wP8UPdoS5iteoQB7fmd4smDn30zJuPFDMjIKLtQLTkhae8Sr4rphczps55tIv4vmMSlfa+Bqh6GK7DhCeezWrp7xzqNhLZ9k0SXpvH0ngd+v3SnyAHA1570vapt3ZUynPw==
H+VQtBDmptKfBoquSY14WmkAxr8OXA98z4/xDOMIz2n0JFnfzsdOWBqdzhNLqXdYQ4xstPcmwOyh+m9ytx72aU72vwit9Te2M2enEg==
3ZQ4QRWRpNTqg7GXjhyIRAijggY9HpHn6CVTDY8eVbOP8v8612/wLkkxouVmDu7Hjs03e8/+p+bcOnukSFo1gM/M6+yur4q8byaBF1+gB32nDA==
QpIsCi86FxrDIeogJ12v8uYoJypVIXMbPNIDQc60xFJVJLIuernisx31WwRVnbVMUS9lnwtVRULcCDHH+ffWC5staKcb
6GJIPgoNLi4uo+m+Dtj13RFZMtTH3+WcMaVKbRaflAdhWYRgcG64/Tj7J8EJ1Adpz6QLC0e/KXFfKiZ8I9frw+wDgSlqpxk=
/FAiQUhnofUTvwEtqprRSnWK4uwmNbvFFUk2qw6h7zf/0r/qvPYjCPjWrewPoPPgnoPScA+qGbvv7N8Rp2A=
biDCjLu11k5FjalqmfGI9WrM0q0RGvuhnA0iDmGby7l3mi9tes73IRqMiIIpzCau7tEe49HND+Qhhbl8TUeR37/92bJQkIVnLY8aW6cFfKcP
SWR9U4L+c7wIsLrIgtD3YPLX7FRMbd/dgnhxjtmn0WL7D8CnnpFBHkVx6NjCSmMI5O4sFVQrm5n9tBNR01RnI3P/3RnzmrqEt3dfmxBTrQF+pw0=
jvUBULkNL6JqxHdfsobjhUu062ufJd1F1XD4Omnl6iE2qkZTDlmf35867zL8LnOgWH4dVI8YQ0g+KwIoz/LJ0w+EL2mnGA==
VDRU2ywntfaUG3SbtgJPVK+M4kztmTg/q5GkL2QKUcy5uGNsIRBtm3PKH1DtJahqnbGQCBoqSxjs7iQFfMvDyQX0S6FrNI+T+39VaVs6wjRvN2dLSHNFEXanBQ==
qn9rT8jSwyovF+klFqf6sq+n2HpG3L+gBQ8P87meJ6EpCHaUU5CvsUR8mYf+Hy5AKoXOC3uxF4Bz1KzsR/6gdBFi7+oHhpax/q5/UJ0tV64Df6cK
QpIsCi86FxrDIeogJ12v8uYoJypVIXMbPNIDQc60xFJVJLIuernisx31WwRVnbVMUS9lnwtVRULcCDHH+ffWC5staKcb
W6vf6dAJtdmq/2+9pZRSNourxIbR9VSeyUFCtaY+zteO3RdLD65HllyK23QIqlWQz9wLnG7/Kgzv1uHHH5Anbacc
RQmH3phJ6psP7dmdLZoV4Pc1KiAHImwLJZZEX8ey2BFeJLIuernisx31WwRVnbVMUS9lnwtVRULcCDHH+ffWC5staKcb
BLhfDrbCgE0KWyPZ6xIYCByf0mhunc0e4OvOf7P4twjmPewEV/aAPMEKb4LXzra57kY/uA2l9+bTF6di
yPpqX36OfcqCYqSKyVDXqz4U+RJa3rqcqLiLoQaGtrMnV73nmBdOi9sU58y+4cwQX/qwGPk2rzZ/YiY9dtrf7MXpB4Ira6cW
cfwgoSkmxmd/XW0jnOTbVVzjciGnl64XbCeC8bFQfgT1wBmjv4pTqFl1fMLhEQxgrtrfmmZutIXpu3ckmFS3CT/kO+s3vxlRr2qW3FNXe2M8Q1EJeqcJ
LEMxpmGt/RXTlPN8A2mX4t3KwAoBhOYxexSKLkKJ2pM1wBPEHU0d7Mm//R+Txd2itNh5B7EHvuvj3RCnYw==
yUmD+Bqw3hjrx1Ht4cK+usYhfYpiYU7nI2UnvF2QTGC/inBoGUavRp8S5k2Wql+cJZnH8ssbp2Y=
5d9aMvXkn1bekE+HErt+jj4U+RJa3rqcqLiLoQaGtrMnV73nghFOl8MV58y94MwQX/qwGPk2rzZ/YiY9dtrf7MXpB4Ira6cW
6uRYjExBaIjQnIJ6NX02IJ1P2TwUwHsBvrMtESKD4pLHQE8IFcC3iMt31aq5vEt9fsbrAWZETPKNVKouYkm6E5WD88Q9jb1sqX/dH3OFfSLUGBkHkUdea0MdcKcD
5aLXJ+R2+GefMoEfREKEIWSd2GKTp16BwrBFy7v/ORnTNniA2YuPEmJLVg2fyPq64HFz+lf8tujrFB/djKi5m+Y7fgzCMU63g/VnrH3AzDCfmjD4uRavFj+Cpl22+t/MBYmHYmtLpzY=
WKicHu4YtYHmOqQkWJpTgWkAxr8OXA98z4/xDOMIz2n0JFnfzsdOWBqdzhNLqXdYRYxstPcmwOyh+m9ytx72aU72vwit9Te2M2enEg==
BeLOtsdt0dIJStWlN66lIOYoJypVIXMbPNIDQc60xFJVJLIuernisx3zWwRVnbVMUS9lnwtVRULcCDHH+ffWC5staKcb
alZMPgNr8FwNNAaQJAia7WAgeV/4MHnz9gMehHJpTp/TDcfkjdiM2A8i0PCJzi++7/qGlcZiH6QVsefq2xOnHg==
ygnr6rCarrPkVrYlSonBbIWJHUGF3b4vjiVno29GEU4cUovcqALlKE9kuzTOV/pUL44xr//41xWnZA==
5d9aMvXkn1bekE+HErt+jj4U+RJa3rqcqLiLoQaGtrMnV73nghFOl8MV58y94MwQX/qwGPk2rzZ/YiY9dtrf7MXpB4Ira6cW
bejP7mETnuaYHIUfOSpG1p5P2TwUwHsBvrMtESKD4pLHQE8IFcC3iMt31aq5vEt9fsbrAWZETPKNVKouYkm6E5WD88Q9jb1sqX/dH3OFfSLUGBkHkUdea0MdcKcD
JE7aoH/R2gCHxB6Rh2SOJbLecB759HlB2kbIVq6SXELxGUEfDJ/+weB7C1oKBIzr2xzzntZGF75HizhaacWqgbbKhnMOeV+/H5qpEvxOs0DY3t00j/gD6L5LQsjP0glzj2RvSac4
WKicHu4YtYHmOqQkWJpTgWkAxr8OXA98z4/xDOMIz2n0JFnfzsdOWBqdzhNLqXdYRYxstPcmwOyh+m9ytx72aU72vwit9Te2M2enEg==
BeLOtsdt0dIJStWlN66lIOYoJypVIXMbPNIDQc60xFJVJLIuernisx3zWwRVnbVMUS9lnwtVRULcCDHH+ffWC5staKcb
Ytd/QB8S2J9Ge9KMhc77Oon+cFZu1oq+MwMVyb71fiKgwEgmIgLvXuQ5hs2sFHJRs0SiLmpZknOtUquExT3ljAEPVZ/7NZWCjOihR0mXJkurDXinCw==
Wom0RNAj/Ccv3BGpEqKZA55V2z0R1T1K5fR6V2PTpNuXDxhQXNjk2oQjnv7toVE4L4voCSBaSrGbVKouYkm6E5WC88Q9jb1sqX/dH3OFfSLUGBkHkUdea0MdcKcD
8SOssA+Uz3Ip/fOmrwju8V+9eeldcmi77C1Zgc+sNq7+MW4jgWq/ZLHlSTydZ6Hfzx2JcuAwFefd78oblyVspx8=
g72LTmMV7i2wHoJ0jKTDmcYhfYpiYU7nI2UnvFuQTGC/inBoGUavRp8S5k2Wql+cJZnH8ssbp2Y=
IqzLwx7c5VN/PokMHxEHNj4U+RJa3rqcqLiLoQaGtrMnV73nghFOl8MV58y74MwQX/qwGPk2rzZ/YiY9dtrf7MXpB4Ira6cW
aaK2QRd3RUWfbLYB43pNPZ1P2TwUwHsBvrMtESKD4pLHQE8IFcC3iMt31aq5vEt9fsbrAWZETPKNVKouYkm6E5WF88Q9jb1sqX/dH3OFfSLUGBkHkUdea0MdcKcD
aZSGKJJegroUcpov9QcIT2Sd2GKTp16BwrBFy7v/ORnQNniA2YuPEmJLVg2fyPq64HFz+lf8tujrFB/djKi5m+Y7fgzCMU63g/VnrHvAzDCfmjD4uRavFj+Cpl22+t/MBYmHYmtLpzY=
H+VQtBDmptKfBoquSY14WmkAxr8OXA98z4/xDOMIz2n0JFnfzsdOWBqdzhNLqXdYQ4xstPcmwOyh+m9ytx72aU72vwit9Te2M2enEg==
QpIsCi86FxrDIeogJ12v8uYoJypVIXMbPNIDQc60xFJVJLIuernisx31WwRVnbVMUS9lnwtVRULcCDHH+ffWC5staKcb
nisdmvdH10khmgkQg2VfEFDQ4c1CISzTgnhFtsBNOR5XFjmPmMD5Y1az3tSSGU6P8z2HNOsoDEivkhCgab4vrs/KxkWmkp80tQEnujtjpw4=
aaK2QRd3RUWfbLYB43pNPZ1P2TwUwHsBvrMtESKD4pLHQE8IFcC3iMt31aq5vEt9fsbrAWZETPKNVKouYkm6E5WF88Q9jb1sqX/dH3OFfSLUGBkHkUdea0MdcKcD
Mzq63Ag1Kib+2QZC+UusZ7recB759HlB2kbIVq6SXELxGUUfD5z+weB7C1oKBIzr2xzzntZGF75HizhaacWqgbbKhnMOeV+/H5qvEvxOs0DY3t00j/gD6L5LQsjP0glzj2RvSac4
H+VQtBDmptKfBoquSY14WmkAxr8OXA98z4/xDOMIz2n0JFnfzsdOWBqdzhNLqXdYQ4xstPcmwOyh+m9ytx72aU72vwit9Te2M2enEg==
QpIsCi86FxrDIeogJ12v8uYoJypVIXMbPNIDQc60xFJVJLIuernisx31WwRVnbVMUS9lnwtVRULcCDHH+ffWC5staKcb
nisdmvdH10khmgkQg2VfEFDQ4c1CISzTgnhFtsBNOR5XFjmPmMD5Y1az3tSSGU6P8z2HNOsoDEivkhCgab4vrs/KxkWmkp80tQEnujtjpw4=
GxfdN4V+S3NmtlQ5eDDWqw2501RmTNOytnkWDswYXaiaprJ6kSX0LkkxouVmDu7Hjs03e8/+p+bcOnukSFo1gM/M6+yur4q8byaBF1+gB32nDA==
MBiAA/I73DMPH4Bwx+QKR974HlYd/zLsVMAeYOjMaYPPmY8eel9o8besmpYYRSOmnzh2pLPA72HkDBl3Xk/ukEq1zjsbYdfQ0yQsnOcu4CTxUu/a59bWYV7e/6A9fZd+Y0+nOg==
H+VQtBDmptKfBoquSY14WmkAxr8OXA98z4/xDOMIz2n0JFnfzsdOWBqdzhNLqXdYQ4xstPcmwOyh+m9ytx72aU72vwit9Te2M2enEg==
QpIsCi86FxrDIeogJ12v8uYoJypVIXMbPNIDQc60xFJVJLIuernisx31WwRVnbVMUS9lnwtVRULcCDHH+ffWC5staKcb
IhPDQ8/KsA+CNPdOlULXLd60KQs81pu4PBcCxL7+Y2uyyA84Kkr5HaZ2k8G+FHQSpUSiLmpZknOtVauExT3ljAEPVZ/7NZWCjOihR0mXJkurDXinCw==
Cf4Rg4ta0jcyWotPdbddhGAgeV/4MHnz9gMehHJpTp/TDcfki9iM2A8i0PCJzi++7/qGlcZiH6QVsefq2xOnHg==
yuJmE8ZbpORT0Dg/NG/dShMk0ZNgYAfIG1elqoncm71dZhyf/+IAcbY0ui5yqYpTRSVjRI3tTSz5n+0fg6Ut4mS46YcBpw4rsz1gpxM=
vv/w0+dw/HreY7t7IcBZvsYhfYpiYU7nI2UnvFyQTGC/inBoGUavRp8S5k2Wql+cJZnH8ssbp2Y=
SEsHIepkl87PTsn6E4Sliz4U+RJa3rqcqLiLoQaGtrMnV73nghFOl8MV58y84MwQX/qwGPk2rzZ/YiY9dtrf7MXpB4Ira6cW
26thxDOiTsf5YHXtXRD9FZ1P2TwUwHsBvrMtESKD4pLHQE8IFcC3iMt31aq5vEt9fsbrAWZETPKNVKouYkm6E5WC88Q9jb1sqX/dH3OFfSLUGBkHkUdea0MdcKcD
Ilat6b8a4U1RkA9TZJXS7WSd2GKTp16BwrBFy7v/ORnQNniA2YuPEmJLVg2fyPq64HFz+lf8tujrFB/djKi5m+Y7fgzCMU63g/VnrHzAzDCfmjD4uRavFj+Cpl22+t/MBYmHYmtLpzY=
X6Ex+eNh0Z2rA8wAQ3WFImkAxr8OXA98z4/xDOMIz2n0JFnfzsdOWBqdzhNLqXdYRIxstPcmwOyh+m9ytx72aU72vwit9Te2M2enEg==
k3h7Ulw9Kh4Zc4buOSafr+YoJypVIXMbPNIDQc60xFJVJLIuernisx3yWwRVnbVMUS9lnwtVRULcCDHH+ffWC5staKcb
f+GqX01UYF8JLeuuyFWbpFDQ4c1CISzTgnhFtsBNOR5XFjmPmMD5Y1az3tSSGU6P8z2HNOwoDEivkhCgab4vrs/KxkWmkp80tQEnujtjpw4=
F+gvWevbAZu1vX2SvrptzZxP2TwUwHsBvrMtESKD4pLHQE8IFcC3iMt31aq5vEt9fsbrAWZETPKNVKouYkm6E5WC88Q9jb1sqX/dH3OFfSLUGBkHkUdea0MdcKcD
A67cJje3Wym0+lDVFDTfJLDfcB759HlB2kbIVq6SXELxGUYfD5z+weB7C1oKBIzr2xzzntZGF75HizhaacWqgbbKhnMOeV+/H5qoEvxOs0DY3t00j/gD6L5LQsjP0glzj2RvSac4
X6Ex+eNh0Z2rA8wAQ3WFImkAxr8OXA98z4/xDOMIz2n0JFnfzsdOWBqdzhNLqXdYRIxstPcmwOyh+m9ytx72aU72vwit9Te2M2enEg==
k3h7Ulw9Kh4Zc4buOSafr+YoJypVIXMbPNIDQc60xFJVJLIuernisx3yWwRVnbVMUS9lnwtVRULcCDHH+ffWC5staKcb
f+GqX01UYF8JLeuuyFWbpFDQ4c1CISzTgnhFtsBNOR5XFjmPmMD5Y1az3tSSGU6P8z2HNOwoDEivkhCgab4vrs/KxkWmkp80tQEnujtjpw4=
BYW9mknXpcTSXg0NZ1eK0Qq501RmTNOytnkWDswYXaiaprJ6kSX0LkkxouVmDu7Hjs03e8/+oObcOnukSFo1gM/M6+yur4q8byaBF1+gB32nDA==
k3wyf3hV6050AIzTSh+8wbrecB759HlB2kbIVq6SXELxGUcfD5z+weB7C1oKBIzr2xzzntZGF75HizhaacWqgbbKhnMOeV+/H5qoEvxOs0DY3t00j/gD6L5LQsjP0glzj2RvSac4
X6Ex+eNh0Z2rA8wAQ3WFImkAxr8OXA98z4/xDOMIz2n0JFnfzsdOWBqdzhNLqXdYRIxstPcmwOyh+m9ytx72aU72vwit9Te2M2enEg==
k3h7Ulw9Kh4Zc4buOSafr+YoJypVIXMbPNIDQc60xFJVJLIuernisx3yWwRVnbVMUS9lnwtVRULcCDHH+ffWC5staKcb
qHMFyF/ycsbyMN9FBBtYRmAgeV/4MHnz9gMehHJpTp/TDcfkjNiM2A8i0PCJzi++7/qGlcZiH6QVsefq2xOnHg==
cMry8gi4rEaTABGz3ujDTRMk0ZNgYAfIG1elqoncm71dZhyf/+IAcbY0ui5yqYpTRSJjRI3tTSz5n+0fg6Ut4mS46YcBpw4rsz1gpxM=
alZMPgNr8FwNNAaQJAia7WAgeV/4MHnz9gMehHJpTp/TDcfkjdiM2A8i0PCJzi++7/qGlcZiH6QVsefq2xOnHg==
UZ2di6gFc0SsruxFQsoIChMk0ZNgYAfIG1elqoncm71dZhyf/+IAcbY0ui5yqYpTRSNjRI3tTSz5n+0fg6Ut4mS46YcBpw4rsz1gpxM=
09LuUTBeuZPhD8X0GBBi5xJNONTT1+GXLqcWOhaflAdhWYRgcG64/Tj7J8cJ1Adpz6QLC0e/KXFfKiZ8I9frw+wDgSlqpxk=
B+NoDwYuBmqvqjn1y42z06BvamFDM3RPYs5ET8az2xFeJLIuernisx3yWwRVnbVMUS9lnwtVRULcCDHH+ffWC5staKcb
09LuUTBeuZPhD8X0GBBi5xJNONTT1+GXLqcWOhaflAdhWYRgcG64/Tj7J8cJ1Adpz6QLC0e/KXFfKiZ8I9frw+wDgSlqpxk=
B+NoDwYuBmqvqjn1y42z06BvamFDM3RPYs5ET8az2xFeJLIuernisx3yWwRVnbVMUS9lnwtVRULcCDHH+ffWC5staKcb
B+NoDwYuBmqvqjn1y42z06BvamFDM3RPYs5ET8az2xFeJLIuernisx3yWwRVnbVMUS9lnwtVRULcCDHH+ffWC5staKcb
SEsHIepkl87PTsn6E4Sliz4U+RJa3rqcqLiLoQaGtrMnV73nghFOl8MV58y84MwQX/qwGPk2rzZ/YiY9dtrf7MXpB4Ira6cW
F+gvWevbAZu1vX2SvrptzZxP2TwUwHsBvrMtESKD4pLHQE8IFcC3iMt31aq5vEt9fsbrAWZETPKNVKouYkm6E5WC88Q9jb1sqX/dH3OFfSLUGBkHkUdea0MdcKcD
3EAiaGqmoH4rFcT/gQTU5Ehv4b/SDPt8mVmHS+h6v+FSXLCiwbw+rvYhdsPpmsek6TXhnCXXKV9HbXESCGDNp+Xf4juPNWSnFw==
X6Ex+eNh0Z2rA8wAQ3WFImkAxr8OXA98z4/xDOMIz2n0JFnfzsdOWBqdzhNLqXdYRIxstPcmwOyh+m9ytx72aU72vwit9Te2M2enEg==
k3h7Ulw9Kh4Zc4buOSafr+YoJypVIXMbPNIDQc60xFJVJLIuernisx3yWwRVnbVMUS9lnwtVRULcCDHH+ffWC5staKcb
f+GqX01UYF8JLeuuyFWbpFDQ4c1CISzTgnhFtsBNOR5XFjmPmMD5Y1az3tSSGU6P8z2HNOwoDEivkhCgab4vrs/KxkWmkp80tQEnujtjpw4=
F+gvWevbAZu1vX2SvrptzZxP2TwUwHsBvrMtESKD4pLHQE8IFcC3iMt31aq5vEt9fsbrAWZETPKNVKouYkm6E5WC88Q9jb1sqX/dH3OFfSLUGBkHkUdea0MdcKcD
3EAiaGqmoH4rFcT/gQTU5Ehv4b/SDPt8mVmHS+h6v+FSXLCiwbw+rvYhdsPpmsek6TXhnCXXKV9HbXESCGDNp+Xf4juPNWSnFw==
X6Ex+eNh0Z2rA8wAQ3WFImkAxr8OXA98z4/xDOMIz2n0JFnfzsdOWBqdzhNLqXdYRIxstPcmwOyh+m9ytx72aU72vwit9Te2M2enEg==
k3h7Ulw9Kh4Zc4buOSafr+YoJypVIXMbPNIDQc60xFJVJLIuernisx3yWwRVnbVMUS9lnwtVRULcCDHH+ffWC5staKcb
sa+hesKW8wbsW4GxCrI3st60KQs81pu4PBcCxL7+Y2uyyA84Kkr5HaZ2k8G+FHQSpUSiLmpZknOtUquExT3ljAEPVZ/7NZWCjOihR0mXJkurDXinCw==
qHMFyF/ycsbyMN9FBBtYRmAgeV/4MHnz9gMehHJpTp/TDcfkjNiM2A8i0PCJzi++7/qGlcZiH6QVsefq2xOnHg==
cMry8gi4rEaTABGz3ujDTRMk0ZNgYAfIG1elqoncm71dZhyf/+IAcbY0ui5yqYpTRSJjRI3tTSz5n+0fg6Ut4mS46YcBpw4rsz1gpxM=
B+NoDwYuBmqvqjn1y42z06BvamFDM3RPYs5ET8az2xFeJLIuernisx3yWwRVnbVMUS9lnwtVRULcCDHH+ffWC5staKcb
g72LTmMV7i2wHoJ0jKTDmcYhfYpiYU7nI2UnvFuQTGC/inBoGUavRp8S5k2Wql+cJZnH8ssbp2Y=
IqzLwx7c5VN/PokMHxEHNj4U+RJa3rqcqLiLoQaGtrMnV73nghFOl8MV58y74MwQX/qwGPk2rzZ/YiY9dtrf7MXpB4Ira6cW
aaK2QRd3RUWfbLYB43pNPZ1P2TwUwHsBvrMtESKD4pLHQE8IFcC3iMt31aq5vEt9fsbrAWZETPKNVKouYkm6E5WF88Q9jb1sqX/dH3OFfSLUGBkHkUdea0MdcKcD
fW//G+0CjgR7vO9ron96r7DfcB759HlB2kbIVq6SXELyGUYfD5z+weB7C1oKBIzr2xzzntZGF75HizhaacWqgbbKhnMOeV+/H5qvEvxOs0DY3t00j/gD6L5LQsjP0glzj2RvSac4
H+VQtBDmptKfBoquSY14WmkAxr8OXA98z4/xDOMIz2n0JFnfzsdOWBqdzhNLqXdYQ4xstPcmwOyh+m9ytx72aU72vwit9Te2M2enEg==
QpIsCi86FxrDIeogJ12v8uYoJypVIXMbPNIDQc60xFJVJLIuernisx31WwRVnbVMUS9lnwtVRULcCDHH+ffWC5staKcb
Cf4Rg4ta0jcyWotPdbddhGAgeV/4MHnz9gMehHJpTp/TDcfki9iM2A8i0PCJzi++7/qGlcZiH6QVsefq2xOnHg==
yuJmE8ZbpORT0Dg/NG/dShMk0ZNgYAfIG1elqoncm71dZhyf/+IAcbY0ui5yqYpTRSVjRI3tTSz5n+0fg6Ut4mS46YcBpw4rsz1gpxM=
Gzt2P36vZCm1DZfNKHs6BqBvamFDM3RPYs5ET8az2xFDJLIuernisx3yWwRVnbVMUS9lnwtVRULcCDHH+ffWC5staKcb
g72LTmMV7i2wHoJ0jKTDmcYhfYpiYU7nI2UnvFuQTGC/inBoGUavRp8S5k2Wql+cJZnH8ssbp2Y=
IqzLwx7c5VN/PokMHxEHNj4U+RJa3rqcqLiLoQaGtrMnV73nghFOl8MV58y74MwQX/qwGPk2rzZ/YiY9dtrf7MXpB4Ira6cW
aaK2QRd3RUWfbLYB43pNPZ1P2TwUwHsBvrMtESKD4pLHQE8IFcC3iMt31aq5vEt9fsbrAWZETPKNVKouYkm6E5WF88Q9jb1sqX/dH3OFfSLUGBkHkUdea0MdcKcD
Mzq63Ag1Kib+2QZC+UusZ7recB759HlB2kbIVq6SXELxGUUfD5z+weB7C1oKBIzr2xzzntZGF75HizhaacWqgbbKhnMOeV+/H5qvEvxOs0DY3t00j/gD6L5LQsjP0glzj2RvSac4
H+VQtBDmptKfBoquSY14WmkAxr8OXA98z4/xDOMIz2n0JFnfzsdOWBqdzhNLqXdYQ4xstPcmwOyh+m9ytx72aU72vwit9Te2M2enEg==
QpIsCi86FxrDIeogJ12v8uYoJypVIXMbPNIDQc60xFJVJLIuernisx31WwRVnbVMUS9lnwtVRULcCDHH+ffWC5staKcb
nisdmvdH10khmgkQg2VfEFDQ4c1CISzTgnhFtsBNOR5XFjmPmMD5Y1az3tSSGU6P8z2HNOsoDEivkhCgab4vrs/KxkWmkp80tQEnujtjpw4=
7ddOh9qRJRLrFFMwqUzSxpxP2TwUwHsBvrMtESKD4pLHQE8IFcC3iMt31aq5vEt9fsbrAWZETPKNVKouYkm6E5WF88Q9jb1sqX/dH3OFfSLUGBkHkUdea0MdcKcD
fW//G+0CjgR7vO9ron96r7DfcB759HlB2kbIVq6SXELyGUYfD5z+weB7C1oKBIzr2xzzntZGF75HizhaacWqgbbKhnMOeV+/H5qvEvxOs0DY3t00j/gD6L5LQsjP0glzj2RvSac4
H+VQtBDmptKfBoquSY14WmkAxr8OXA98z4/xDOMIz2n0JFnfzsdOWBqdzhNLqXdYQ4xstPcmwOyh+m9ytx72aU72vwit9Te2M2enEg==
QpIsCi86FxrDIeogJ12v8uYoJypVIXMbPNIDQc60xFJVJLIuernisx31WwRVnbVMUS9lnwtVRULcCDHH+ffWC5staKcb
Cf4Rg4ta0jcyWotPdbddhGAgeV/4MHnz9gMehHJpTp/TDcfki9iM2A8i0PCJzi++7/qGlcZiH6QVsefq2xOnHg==
yuJmE8ZbpORT0Dg/NG/dShMk0ZNgYAfIG1elqoncm71dZhyf/+IAcbY0ui5yqYpTRSVjRI3tTSz5n+0fg6Ut4mS46YcBpw4rsz1gpxM=
Gzt2P36vZCm1DZfNKHs6BqBvamFDM3RPYs5ET8az2xFDJLIuernisx3yWwRVnbVMUS9lnwtVRULcCDHH+ffWC5staKcb
5INeXBS3afRJo0fvjHKpzhMk0ZNgYAfIG1elqoncm71dZhyf/+IAcas0ui5yqYpTRSNjRI3tTSz5n+0fg6Ut4mS46YcBpw4rsz1gpxM=
qdnvjaQInTeUB3+b40VNbBMk0ZNgYAfIG1elqoncm71dZhyf/+IAcas0ui5yqYpTRSJjRI3tTSz5n+0fg6Ut4mS46YcBpw4rsz1gpxM=
7J2aybXCftX24uI1ng876hMk0ZNgYAfIG1elqoncm71dZhyf/+IAcas0ui5yqYpTRSVjRI3tTSz5n+0fg6Ut4mS46YcBpw4rsz1gpxM=
CSV+PTgn74+PCkZfE+TWN+LsotHOgP+WDDvEn/rNzlPXwQJaKmEcsIPc105keV9OIv7b2ZqshM5Jsvp4bugJkHADRzaIu43uWr3OMwsJ9zgDbGzUN8ZATGHab1J3vnaJjpa/6O2VtxZzR6cy
3nwX9GJzwBCP6BP7FGU6fRyf0mhunc0e+u3OY6v5twjmPOwEV/aAPMEKb4LXzra57kY/uA2l9+bTF6di
fjhkdMF+gCC6zKBCgQUZlj4U+RJa3rqcqLiLoQaGtrMnV73nghFOl8MV58y+4MwQX/qwGPk2rzZ/YiY9dtrf7MXpB4Ira6cW
q3t4eq+SLuUeweOFL5//ghdKrr7LGP17yhXGDaJ+v+FSXLCiwbw+rvYhdsPpmMek6TXhnCXXKV9HbXESCGDNp+Xf4juPNWSnFw==
r5VDhVAXupELmXyfTu8yThyf0mhunc0e+u3OY6v5twjlPOwEV/aAPMEKb4LXzra57kY/uA2l9+bTF6di
5d9aMvXkn1bekE+HErt+jj4U+RJa3rqcqLiLoQaGtrMnV73nghFOl8MV58y94MwQX/qwGPk2rzZ/YiY9dtrf7MXpB4Ira6cW
r4kC4PvPsYanu/83hzjUERRKrr7LGP17yhXGDaJ+v+FSXLCiwbw+rvYhdsPpm8ek6TXhnCXXKV9HbXESCGDNp+Xf4juPNWSnFw==
lLO5qCX1dt9mpgQmTgetzX+0tEe7rCOU2/8FX6E5eQcl9Cthy7Qv0xt/dak7uqL0TzeHC6jz5dEWp2U=
pCm5Ie5DHnrn5GWE2gBqQkwCZoyQnbLSIPBdflGRnAB+GocxZ3+55wWJPc8J1Adpz6QLC0e/KXFfKiZ8I9frw+wDgSlqpxk=
znQAzEOPgGowK0Gq3ClQcmEntx5azbGc+7KR9ELGt7QuWvKn2AZfltkolda14MwQX/qwGPk2rzZ/YiY9dtrf7MXpB4Ira6cW
bR0nQX7Zmcz8D1/hKvWw6hyf0mhunc0e+u3OY6v5twjkPOwEV/aAPMEKb4LXzra57kY/uA2l9+bTF6di
SEsHIepkl87PTsn6E4Sliz4U+RJa3rqcqLiLoQaGtrMnV73nghFOl8MV58y84MwQX/qwGPk2rzZ/YiY9dtrf7MXpB4Ira6cW
UnChtG3HLVxicC8KoTXbHxVKrr7LGP17yhXGDaJ+v+FSXLCiwbw+rvYhdsPpmsek6TXhnCXXKV9HbXESCGDNp+Xf4juPNWSnFw==
qh/wyyO42RpHI9m9Rqa6hFSmdOxHYiD2vidD1J6Mc+C4LFl3zja/ZLHlSTydZ6Hfzx2JcuAwFefd78oblyVspx8=
BIIf5AIPeaAutKbIZWkk3Rkg1ohvMgffWlSluprblPNCbBzL4u8HJPoU/2A0tL0HCn5jRI3tTSz5n+0fg6Ut4mS46YcBpw4rsz1gpxM=
ATDrG3o9BSYz7nIeUaRs70Zh3YxjLhbYFVn37NTVm/tDYF/A4u8HJPoU/2A0tL0HCn5jRI3tTSz5n+0fg6Ut4mS46YcBpw4rsz1gpxM=
XVhzT2g6AlskQU5XE/WI5hNKrr7LGP17yhXGDaJ+v+FSXLCiwf174LA8QZemxsek6TXhnCXXKV9HbXESCGDNp+Xf4juPNWSnFw==
KDGTulXEweMCirdleMnJ2zT2+FW7pmre2fVRTaACL1wk9Cthy7Qv0xt/dak7uqL0TzeHC6jz5dEWp2U=
Pt6EsJin5yfara4H2SLu04YgOMJxdxrhIlhu8h+NTGC/inBoGUavRp8S5k2Wql+cJZnH8ssbp2Y=
KDGTulXEweMCirdleMnJ2zT2+FW7pmre2fVRTaACL1wk9Cthy7Qv0xt/dak7uqL0TzeHC6jz5dEWp2U=
Pt6EsJin5yfara4H2SLu04YgOMJxdxrhIlhu8h+NTGC/inBoGUavRp8S5k2Wql+cJZnH8ssbp2Y=
yPGlUsqulA51BYaPyPCkHlqx+kifPJNZyHKlMnTwpCs591BZNwyE/dZyuDP8LnOgWH4dVI8YQ0g+KwIoz/LJ0w+EL2mnGA==
1f7euDc6j6M6RMXjlHdlW1qx+kifPJNZyHanPHTwpCs591BZNwyE/dZyuDP8LnOgWH4dVI8YQ0g+KwIoz/LJ0w+EL2mnGA==
7i8yjpeF1Log2i8/ATEJhRyrzqfl9NBktp70qN8cbH60soyls4gSxMR63fQL0wcrqsTasxvd8Th9Wc0uXtO0i7Yqi3Kvgre6QQq9xn4r6wFhov+kawIENXkznKbJiIrPIIg+mewJ2XsEkVQd85jWkeLO5wgTFz74FezBU3wek1CYbn0Ej8ijWH5bYhhPAuljT5SPuafI
GXTB0/Q0bilxKR1s+RoGlpdW/wLJQ/Agt/t9Y47JX////zl11i4dZHk0Y7FjFLdDg//tOaNayiQH98/7wBOdIW6nHQ==
TpyQDp/riTD4witQ5sWOVDv78p1m/Mfm67KIpNb9Q619yfX+c+fuYnlqK/9ofiFzTIdkiteH0cEipId1bd3aMoApLPSoZWzFBQ19K1lyEFXclqfR+5Ty9H/80Jxif+74Du6Mmzt4XCYJtXEzLCj9GeOrMkTNbY0sOR+tH0Ml7eIkOKmHwSdOK/O9oKfT
GH+7aTAqKH/XR1XuDz9yoVkQ14UbG3NmcguOb4Sq2RX/cYP06sD2F80A9ZXBJ3JGT8aAu8N+Ozv1Ze7xhDghbBtc1kygF+Y38kpqx6Kv6tVaDbhfs95jl4+xdNd4fyuv7xiiiwhKTOF3SJx48LJF0OaA/IhEKyFD+mT+7RyVoQF6uEwpulPpMUuf6+iSyB31tfWvk5XmahF2jb8pL6sLVqodxuJlwVkg6BwF+II8cDsUkNRarku5jAauM5Hjcz6MRxG5XzCUb1lXRMNbPz8RoZcKvgyLFwNT1GPJGfKngQ==
hu9bEMWc3rrbHojazm9GCEJIWUwO+KwwVFag0vUYUrqtE+OhCHdNh5Ujx5Lriy6nNCzCYprBXUeAW5xijEzMvbT9q0i0mI0N9h9xUR97R82ZJcEoRuodAD3xUfv/qi1onC8Fg8LVe+jUCe5jIrRikTQBNj+TyOmVyBtLfzUAY91c4UcRu1BL9GNeniE4TKdiIfLNTj4jW7lB+m/sa0qUbVmLLK6JAPo3QFAuUWxBySPk6aSVM5BmKcIWd8AT364gNVRxW7yWYyh4Nm1MDwCzgB6jEpAPClnbb8wf8aeA
CPUYaSqtS/txB28Kq62ZprsFqGXjLZ8yALXBZ+EzDyGj3Cyk4FKJd0+SxxDJr4OetKoM3ojTPs0nMdgVCn56UQyUUdMUHyMn18h8ONCyJRBGABvMYytBg1rkHq08lYHBGjjsaVpTyfErH0uocsg9NdV1D9N15krRFg0fac+r6xYKnaYiRcG5YEicZTiiPJB7tBC0mo5LWcymLlNRw3MezKeRGZ9QlE8Zt8Rjm18/MeF3ih7M6xcjEzTjadmSp+E=
FyPDGggbRExzVb74FJR4pTPWhDtMX0/JmR9yGleWIf9YeSi5vRKB7RsLXz7SBtc4DlvNjHX4eWGIL+XiPOPpdbmcT2o2VhnaTq5qFEyNPsm/haRvGQ9aSMqzo+B5JsXDLcX/kFledA1prRIfP64M27I8liHoB7yCurEjIk3zcOn3AXX6V6t0A2t/q1pP8ntMgj9YlnM0aTABAE6Jvx85SJNS6/Bg2zEpwADZSj7xGALyj0xb3TXs66ibA/pCz/pkSz7TpRrWnTbdtSwc567gpPHS71rnVtbhXl7/ID39l/5jz6e6
ndDCOFh9TgE1V5Rs5s19yDPWhDtMX0/JmR9yGleWIf9YeSi5vRKB7RsLXz7SBtc4DlvNjHX4eWGIL+XiPOPpdbmcTmo2VhnaTq5qFEyNPsm/haRvGQ9aSMqzo+B5JsXDLcX/kFledA1prRIfP64M27I8liHoB7yCurEjIk3zcOn3AXX6V6t0A2t/q1pP8ntMgj9YlnM0aTABAE6Jvx85SJNS6/Bg2zEpwADZSj7xGALyj0xb3TXs66ibA/pCz/pkSz7TpRrWnTbdtSwc567gpPHS71rnVtbhXl7/ID39l/5jz6e6
syOPWFljg8qZIIIETL8gWDPWhDtMX0/JmR9yGleWIf9YeSi5vRKB7RsLXz7SBtc4DlvNjHX4eWGIL+XiPOPpdbmcQWo2VhnaTq5qFEyNPsm/haRvGQ9aSMqzo+B5JsXDLcX/kFledA1prRIfP64M27I8liHoB7yCurEjIk3zcOn3AXX6V6t0A2t/q1pP8ntMgj9YlnM0aTABAE6Jvx85SJNS6/Bg2zEpwADZSj7xGALyj0xb3TXs66ibA/pCz/pkSz7TpRrWnTbdtSwc567gpPHS71rnVtbhXl7/ID39l/5jz6e6
O+eb+nNAcbSFSq5LEXMeQzPWhDtMX0/JmR9yGleWIf9YeSi5vRKB7RsLXz7SBtc4DlvNjHX4eWGIL+XiPOPpdbmcQGo2VhnaTq5qFEyNPsm/haRvGQ9aSMqzo+B5JsXDLcX/kFledA1prRIfP64M27I8liHoB7yCurEjIk3zcOn3AXX6V6t0A2t/q1pP8ntMgj9YlnM0aTABAE6Jvx85SJNS6/Bg2zEpwADZSj7xGALyj0xb3TXs66ibA/pCz/pkSz7TpRrWnTbdtSwc567gpPHS71rnVtbhXl7/ID39l/5jz6e6
KJiCGVtxyz9u6L3tksw0FjPWhDtMX0/JmR9yGleWIf9YeSi5vRKB7RsLXz7SBtc4DlvNjHX4eWGIL+XiPOPpdbmcQ2o2VhnaTq5qFEyNPsm/haRvGQ9aSMqzo+B5JsXDLcX/kFledA1prRIfP64M27I8liHoB7yCurEjIk3zcOn3AXX6V6t0A2t/q1pP8ntMgj9YlnM0aTABAE6Jvx85SJNS6/Bg2zEpwADZSj7xGALyj0xb3TXs66ibA/pCz/pkSz7TpRrWnTbdtSwc567gpPHS71rnVtbhXl7/ID39l/5jz6e6
kU7REh/zCZG6fFzYsy7FuTPWhDtMX0/JmR9yGleWIf9YeSi5vRKB7RsLXz7SBtc4DlvNjHX4eWGIL+XiPOPpdbmcQmo2VhnaTq5qFEyNPsm/haRvGQ9aSMqzo+B5JsXDLcX/kFledA1prRIfP64M27I8liHoB7yCurEjIk3zcOn3AXX6V6t0A2t/q1pP8ntMgj9YlnM0aTABAE6Jvx85SJNS6/Bg2zEpwADZSj7xGALyj0xb3TXs66ibA/pCz/pkSz7TpRrWnTbdtSwc567gpPHS71rnVtbhXl7/ID39l/5jz6e6
b/WaTiJ0udhoJ9kCbz+I7jPWhDtMX0/JmR9yGleWIf9YeSi5vRKB7RsLXz7SBtc4DlvNjHX4eWGIL+XiPOPpdbmcRWo2VhnaTq5qFEyNPsm/haRvGQ9aSMqzo+B5JsXDLcX/kFledA1prRIfP64M27I8liHoB7yCurEjIk3zcOn3AXX6V6t0A2t/q1pP8ntMgj9YlnM0aTABAE6Jvx85SJNS6/Bg2zEpwADZSj7xGALyj0xb3TXs66ibA/pCz/pkSz7TpRrWnTbdtSwc567gpPHS71rnVtbhXl7/ID39l/5jz6e6
h88wbVrWlNuChIuoSlmrDzPWhDtMX0/JmR9yGleWIf9YeSi5vRKB7RsLXz7SBtc4DlvNjHX4eWGIL+XiPOPpdbmcRGo2VhnaTq5qFEyNPsm/haRvGQ9aSMqzo+B5JsXDLcX/kFledA1prRIfP64M27I8liHoB7yCurEjIk3zcOn3AXX6V6t0A2t/q1pP8ntMgj9YlnM0aTABAE6Jvx85SJNS6/Bg2zEpwADZSj7xGALyj0xb3TXs66ibA/pCz/pkSz7TpRrWnTbdtSwc567gpPHS71rnVtbhXl7/ID39l/5jz6e6
lsQViS7nu2XloADVwKMfqTPWhDtMX0/JmR9yGleWIf9YeSi5vRKB7RsLXz7SBtc4DlvNjHX4eWGIL+XiPOPpdbmcR2o2VhnaTq5qFEyNPsm/haRvGQ9aSMqzo+B5JsXDLcX/kFledA1prRIfP64M27I8liHoB7yCurEjIk3zcOn3AXX6V6t0A2t/q1pP8ntMgj9YlnM0aTABAE6Jvx85SJNS6/Bg2zEpwADZSj7xGALyj0xb3TXs66ibA/pCz/pkSz7TpRrWnTbdtSwc567gpPHS71rnVtbhXl7/ID39l/5jz6e6
154/4mYYJDbkkuqffuLmvTPWhDtMX0/JmR9yGleWIf9YeSi5vRKB7RsLXz7SBtc4DlvNjHX4eWGIL+XiPOPpdbmcRmo2VhnaTq5qFEyNPsm/haRvGQ9aSMqzo+B5JsXDLcX/kFledA1prRIfP64M27I8liHoB7yCurEjIk3zcOn3AXX6V6t0A2t/q1pP8ntMgj9YlnM0aTABAE6Jvx85SJNS6/Bg2zEpwADZSj7xGALyj0xb3TXs66ibA/pCz/pkSz7TpRrWnTbdtSwc567gpPHS71rnVtbhXl7/ID39l/5jz6e6
4kjj8c4ZDnauFteecxvW8D0yKF+CEo71CFcZQd+q8mwyNevWMBJuaTljQq4Pp/u9WneTHuyeowNThszHwQwj0bW7IaEJ1TbmXhhmCsFK4TYMXqYH5Q0Y21wRm912tAB7BdtZaVK7Tn8dw8nAdMdO+qpN4dAa9EbS8xwg2KqkohsnT+x82IEqVRdt3CDapTzjD50dxy0kpKgr+bPtub9z1ixdoFUZRZkrvToMxRCuI/G/DP4EA/S0XEb30siC9kj7PwCQNpX9VbMI4GEJr1M2pIl1ARwFl4lfpy0RkiigbadFHwK773XEp7c=
4kjj8c4ZDnauFteecxvW8D0yKF+CEo71CFcZQd+q8mwyNevWMBJuaTljQq4Pp/u9WneTHuyeowNThszHwQwj0bW7IaEJ1TbmXhhmCsFK4TYMXqYH5Q0Y21wRm912tAB7BdtZaVK7Tn8dw8nAdMdO+qpN4dAa9EbS8xwg2KqkohsnT+x82IEqVRdt3CDapTzjD50dxy0kpKgr+bPtub9z1ixdoFUZRZkrvToMxRCuI/G/DP4EA/S0XEb30siC9kj7PwCQNpX9VbMI4GEJr1M2pIl1ARwFl4lfpy0RkiigbadFHwK773XEp7c=
4kjj8c4ZDnauFteecxvW8D0yKF+CEo71CFcZQd+q8mwyNevWMBJuaTljQq4Pp/u9WneTHuyeowNThszHwQwj0bW7IaEJ1TbmXhhmCsFK4TYMXqYH5Q0Y21wRm912tAB7BdtZaVK7Tn8dw8nAdMdO+qpN4dAa9EbS8xwg2KqkohsnT+x82IEqVRdt3CDapTzjD50dxy0kpKgr+bPtub9z1ixdoFUZRZkrvToMxRCuI/G/DP4EA/S0XEb30siC9kj7PwCQNpX9VbMI4GEJr1M2pIl1ARwFl4lfpy0RkiigbadFHwK773XEp7c=
4kjj8c4ZDnauFteecxvW8D0yKF+CEo71CFcZQd+q8mwyNevWMBJuaTljQq4Pp/u9WneTHuyeowNThszHwQwj0bW7IaEJ1TbmXhhmCsFK4TYMXqYH5Q0Y21wRm912tAB7BdtZaVK7Tn8dw8nAdMdO+qpN4dAa9EbS8xwg2KqkohsnT+x82IEqVRdt3CDapTzjD50dxy0kpKgr+bPtub9z1ixdoFUZRZkrvToMxRCuI/G/DP4EA/S0XEb30siC9kj7PwCQNpX9VbMI4GEJr1M2pIl1ARwFl4lfpy0RkiigbadFHwK773XEp7c=
4kjj8c4ZDnauFteecxvW8D0yKF+CEo71CFcZQd+q8mwyNevWMBJuaTljQq4Pp/u9WneTHuyeowNThszHwQwj0bW7IaEJ1TbmXhhmCsFK4TYMXqYH5Q0Y21wRm912tAB7BdtZaVK7Tn8dw8nAdMdO+qpN4dAa9EbS8xwg2KqkohsnT+x82IEqVRdt3CDapTzjD50dxy0kpKgr+bPtub9z1ixdoFUZRZkrvToMxRCuI/G/DP4EA/S0XEb30siC9kj7PwCQNpX9VbMI4GEJr1M2pIl1ARwFl4lfpy0RkiigbadFHwK773XEp7c=
4kjj8c4ZDnauFteecxvW8D0yKF+CEo71CFcZQd+q8mwyNevWMBJuaTljQq4Pp/u9WneTHuyeowNThszHwQwj0bW7IaEJ1TbmXhhmCsFK4TYMXqYH5Q0Y21wRm912tAB7BdtZaVK7Tn8dw8nAdMdO+qpN4dAa9EbS8xwg2KqkohsnT+x82IEqVRdt3CDapTzjD50dxy0kpKgr+bPtub9z1ixdoFUZRZkrvToMxRCuI/G/DP4EA/S0XEb30siC9kj7PwCQNpX9VbMI4GEJr1M2pIl1ARwFl4lfpy0RkiigbadFHwK773XEp7c=
4kjj8c4ZDnauFteecxvW8D0yKF+CEo71CFcZQd+q8mwyNevWMBJuaTljQq4Pp/u9WneTHuyeowNThszHwQwj0bW7IaEJ1TbmXhhmCsFK4TYMXqYH5Q0Y21wRm912tAB7BdtZaVK7Tn8dw8nAdMdO+qpN4dAa9EbS8xwg2KqkohsnT+x82IEqVRdt3CDapTzjD50dxy0kpKgr+bPtub9z1ixdoFUZRZkrvToMxRCuI/G/DP4EA/S0XEb30siC9kj7PwCQNpX9VbMI4GEJr1M2pIl1ARwFl4lfpy0RkiigbadFHwK773XEp7c=
4kjj8c4ZDnauFteecxvW8D0yKF+CEo71CFcZQd+q8mwyNevWMBJuaTljQq4Pp/u9WneTHuyeowNThszHwQwj0bW7IaEJ1TbmXhhmCsFK4TYMXqYH5Q0Y21wRm912tAB7BdtZaVK7Tn8dw8nAdMdO+qpN4dAa9EbS8xwg2KqkohsnT+x82IEqVRdt3CDapTzjD50dxy0kpKgr+bPtub9z1ixdoFUZRZkrvToMxRCuI/G/DP4EA/S0XEb30siC9kj7PwCQNpX9VbMI4GEJr1M2pIl1ARwFl4lfpy0RkiigbadFHwK773XEp7c=
4kjj8c4ZDnauFteecxvW8D0yKF+CEo71CFcZQd+q8mwyNevWMBJuaTljQq4Pp/u9WneTHuyeowNThszHwQwj0bW7IaEJ1TbmXhhmCsFK4TYMXqYH5Q0Y21wRm912tAB7BdtZaVK7Tn8dw8nAdMdO+qpN4dAa9EbS8xwg2KqkohsnT+x82IEqVRdt3CDapTzjD50dxy0kpKgr+bPtub9z1ixdoFUZRZkrvToMxRCuI/G/DP4EA/S0XEb30siC9kj7PwCQNpX9VbMI4GEJr1M2pIl1ARwFl4lfpy0RkiigbadFHwK773XEp7c=
4kjj8c4ZDnauFteecxvW8D0yKF+CEo71CFcZQd+q8mwyNevWMBJuaTljQq4Pp/u9WneTHuyeowNThszHwQwj0bW7IaEJ1TbmXhhmCsFK4TYMXqYH5Q0Y21wRm912tAB7BdtZaVK7Tn8dw8nAdMdO+qpN4dAa9EbS8xwg2KqkohsnT+x82IEqVRdt3CDapTzjD50dxy0kpKgr+bPtub9z1ixdoFUZRZkrvToMxRCuI/G/DP4EA/S0XEb30siC9kj7PwCQNpX9VbMI4GEJr1M2pIl1ARwFl4lfpy0RkiigbadFHwK773XEp7c=
HkIXRBpAwlsl7g/0t4vFlq0o5HUwfrr14bq4hr4ysnlmLNNSlmGBQdAOUBEIAGVK9KNpEEpELztNv5JVJMbFgqBzQFDRtOBTxe+Y/ll7NwPp29kUwhbdEedjSE8UCyQ8ya0Sw69sznblHrj3M0h8tCZcOjFvWtb1wV8aG+ekljGfBnOmIUbxug4WWX4VFgU64/XP31QDd4eVXJLwvwVJ+6aiUxZv+GEhxQlEmzgk79gtIfj7LBhiZoB49em+M0o/AoM5uzkUxoAE78pGRxYGPYie3dVBkpxsqfiTjagFb+lsGI7l2k17l2Ijqdf8K8UOIvN9sd5p10kRTcnU0zKZ5WyLwE4fN8IncjbbocJiE2HbmJNqGydR2YsCNbvXq/7l71FoSunNZ7SRgjxvCgDWpaAL7BbpqUPGJR8AHY/99T5fZ+TXc6MLfmdey3i6g5iSu7i5JNmcru1Xc8k8ay7rtOiXIX1YXPnult0otkqzDN+VObx/8IdjHiojipAzwlNhEhoN4sVpjDjPAlCQyWkuXinaBvWGwh9E1ZFnipuzp/4=
yb4xs1kvCjrfrkzwPy3+BbwgN/6gRZRmMWgCwi7kqQ8RCvLhOfDVBP4hcD/8IPTw2U809yrOiNqT9Ru0qNQONqJVXLeMB0E5z5VY7GH3IxAkwnqJKDwhJ6c51vTfBJ3krmkuqRLW+L2ktl0zujETKh6sgTBA9T9eXN4SonJjs/ymT0XRgvlL0lb7y1iblF1A4aAq+GE82cBlkBdLR03IZcd90RJK0tMzSfGyvHtkUz4xeyGnPBm0sk8ymV8wKXA+klyEdu2LksUKddZdUQnFklYaoIFyhAtA5hf8oNXHXXSsFm02yy9Es+9j+IYmF2YLq00GDVHV8D3lZBYNNeMCz6fzlcNRNn9EWS841Sh8YzHSPVbY4+MOtHPLLyYb+IdB4SPPTO2Zu53+7/tPQDjVCzfudSxE7YaWdk8UdSTEtY+z/CERGH+jC7V0i7mMZY8lm+TDMHO69tV4uM+GsTbFep6Xk72RnoeYaz58CYmP5BopNPLz0LRGpSy1ocf0LSwhE6SurRJyn7STq0ZE5dC5b5wi6+xo0gW/TvTdZI5nGqSvvpHfv6j3haf0
yb4xs1kvCjrfrkzwPy3+BbwgN/6gRZRmMWgCwi7kqQ8RCvLhOfDVBP4hcD/8IPTw2U809yrOiNqT9Ru0qNQONqJVXLeMB0E5z5VY7GH3IxAkwnqJKDwhJ6c51vTfBJ3krmkuqRLW+L2ktl0zujETKh6sgTBA9T9eXN4SonJjs/ymT0XRgvlL0lb7y1iblF1A4aAq+GE82cBlkBdLR03IZcd90RJK0tMzSfGyvHtkUz4xeyGnPBm0sk8ymV8wKXA+klyEdu2LksUKddZdUQnFklYaoIFyhAtA5hf8oNXHXXSsFm02yy9Es+9j+IYmF2YLq00GDVHV8D3lZBYNNeMCz6fzlcNRNn9EWS841Sh8YzHSPVbY4+MOtHPLLyYb+IdB4SPPTO2Zu53+7/tPQDjVCzfudSxE7YaWdk8UdSTEtY+z/CERGH+jC7V0i7mMZY8lm+TDMHO69tV4uM+GsTbFep6Xk72RnoeYaz58CYmP5BopNPLz0LRGpSy1ocf0LSwhE6SurRJyn7STq0ZE5dC5b5wi6+xo0gW/TvTdZI5nGqSvvpHfv6j3haf0
+KAIBR29QPR9cpeWx+jDCZC8RlGWCor0p60jsT8Q0Jmye2KoLgfWMeqmtn2mNRlOy5FluyomEnJVjBwve5/Af76iSunr4RhnNzZeyI6D11xppOSc63OWd2pgAYNLZ63mkmD01pG6fOT1m/b27tlTxmf//ZSCDY8s7cT3Tozp1U4Uayym3qnzdhjtPXerN1nZyzTVFSvLsXWDYX5bQvJsz0bfD07V0TJJ8rS5d3tZBylwH6ooLsajf0GPSkwGale6R+pLCeywJGpWMHh99u/LrjH+bEbT2XG2xMrVCQgnvWRto+uP6IbyL6C+w+pILPLzBvhABSJCbBXXQNiJjNhmzyg7vvWRHeX5TJ4wRMOJqGrWyHUXdJxF41jZk4d3PchpmEHRaR45HH5sfcrMp1+yr2XLodBadAfGvILg2GsvZhtnz6x8mAFqVdftHCAaJfzjTx1dx22kZKjreXPteT8z1mzd4FXZxVkrfbrMxVAuY/H/jD4Ew3R0XIZ3ksjCdgj7/4BQNlV9lbNIYCEJ79N2pEn1wRzFF85e56tRkmggraeFn8K7r/WEp/c=
/OoZjLlho6FpesQEr5PT1MvM6Du3WBELXImLTzanAM7aovuqW0swNVEpbAMzcWfYIeJ5mh0gcUXNyVwhlLZYZfvQOLA9SbPeLznDHkbVVhXi6oCBpIolD0qNa5b+EPkMsMlHYpxiah6C38vARnM97XJFM27WR7Pka6glfAGcUkSRgKF8paxvd7dxsNknwamuuu6rD0nNyoCL2CuC0cdZm8wlzI6PjuHjwJUIAnJg/EodN+p5ismu4aE1va62Jtg9gjhz/CYrhJwl+yXITKoVijsTPI/vX4C61qset0vxfjGh6YgBJdhuscVfevNHz+3/oYoH+NmTQGnYQBsNMgEuZBNfdgiz91ca68T//QGft/AdpcOh/tODc7CErbfXUg0QtNH+qrbzbMnUeM2zU8BZLejD27c1yPMFfFn3GXvYu4yDBo5puIS3ukEKvcZ+K+sBYaL/pGsCBDV5M5ymyYiKzyCIPpnsCdl7BJFUHfOY1pHizucIExc++BXswVN8HpNQmG59A47IpVh+W2IYTwLpY0+Uj7mnyA==
veikOfuHOErAPRsWLC8TaOcyidaljCytgZBJtmzjnkFnh6x2JFm8/dg6FGoJyWtM9jxMkQitg0lx2/0qc5bDM2xXEM7vAMLlMT6IZOY+087GZE/vtB783UkWvVtvHGC59QwX8JUGXk1P3s6vfs7cXck2ohm/H/nzg8nREAddSX9L1flVnFNQ1rYf3FudppelCEnIwPuf6d2d+ao7uCDM8tnfuzsoBNROTaqdLhlhbkSeKmzEehWkKxE+q1q+DrHti5a+fjeBmoNntHen+Weq8kivGsqBAloo6CPcXNKNwPYWNS10usFefPxf8v/snZPp37n2arIskU1yeszsp18WKL9DIu1xj2UZErkCxUOBXE0mflYJiCQ12yh/v++z2LhAfWZGNoKQuQt8C70L/hQa9dAV7RkeSEjhJnPVuY+PD5CeiJHNkWXrm+kGdtnyvZux46vHzo4tQip5ISUorIwhwA58fEPwgBDSkmslRAJeV4mv8/KUo2G9F6y0U9ETVKejNP6dn7OaegR3dx8bUFPtgb6nzQ==
f+qEvVrwOLb75QEMmoieaWeY23SGvlyAxKpHkeukeVyKbA3FhNL/A34rT1PLm7zwomFy9QXpt7yNSQrV5+/hrqhueUHEMVaniIcs+CbezDCfmjD4uReuFj6Bply2+t/MBYmHYmtLpzY=
VAwSy1i/BVUcq5YZw8xUnq8aHeyzmF+5MIwJ6TSvVjQb/OoMCjjaz+4uYJtvPN6e4k0ol7fkq4Oe5qQl5J6ZrtHHU3d34OOqPv/i2ZTLJ11ul9xwaPl3ftJKxUABSe3QDL5n1W/m5keepVwSC41A1eU6H2+6XANi2oq0WScfbMVHi6m023br3DgvgbUoRLlGBqXIvnprjDfFAZw3AB+jNjrb6hiDmlMJwqKtKrVxzJBferCY+beutn7hJrx2Wt9sxWkHAivrp5Y=
e1iY1bNRI7ED1qenbcInQO70EN7vEL8e7QSGYeHZy+Pvww8mu48p5hbFKiCoy/ddiU+DkjbezIhcoW7AiTnNrfRW2d1rfWvu46g6+erDmDU3T1qhxBqUl1dc9mytum2X3eLY6J+fs6imhdpjFMhHM5CHEUzHxQbyY4C+bBzji4Gct9MdET5H+GtevKkJL6Q6KdSyE1BUBoUslWGndE3sQROEbg2S0t9Uk0sG5GVweU+cQiuM6LLFmU7UmocOhlpEr57Rfz8IN+WnlA==
91nINM8KV0RJosJ+g13VMC50e7mzaUMDdkNsBWSQGZ1Hvoglm8ebpi+MzcQ+2IF49h7DhAN2d5B7CihainAkYSxUQO/66W9jK7x8ZlwSTK/E5CxQ7eYG5+9g+VHV9z51ebYV+zgRCUbmPAa4d+3q6GxP4XOS1IOz0wjZQCzxSNQMHUDVeYW5K536bEXw7gPxn0xehGM0VFxmN3JIYjYo+99AMLY1vbWzaCDBiQ+TVqRpNWGcpdeoXsds8hKJYE2nZd9iOw815KeX
iBF2p1XoZNifgBfOlYuvwC50e7mzaUMDdkNsBWSQGZ1Hvoglm8eboC+MzcQ42IF49h7DhAN2d5B7CihapmckaDBaV+/66W9jK7x8ZlwSTK/E5CxQ7eYG5+9g+VHV9z51ebYV+zgRCUbmPAa4d+3q6GxP4XOS1IOz0wjZQCzxSNQMHUDVeYW5K536bEXw7gPxn0xehGM0VFxmN3JIYjYo+99AMLY1vbWzaCDBiQ+TVqRpNWGcpdeoXsds8hKJYE2nZd9iOw815KeX
gDmsn6u4/zmYFC3e41RoTDg3l7KLR7nl87zGbJYnrTaiCHVG+6RelUT2pMi5HXQnp/fDKQzFv3ES6k22RP+NURZb1CtY58DtbWMpuEZuRma+v/bQNriXAiTHzQQDOQ/DDKULQk8zAlXLBiR4vHAtGZg43vs7G2iwIRNx7KOotkX6RP5p2l3DATurH37WzWqa8WEt+MRsGdD2/MRTiCC4gporrbRqfo/5d/OqZPtBVWckdFsBu/Rfs4p+5YiI+pNUf7eXq3gzNTHmp5U=
cBi9uUUoprB2UfFccvBTqy50e7mzaUMDdkNsBWSQGZ1Hvoglm8eboC+MzcQ42IF49h7DhAN2d5B7CihainAkfzFVSu/66W9jK7x8ZlwSTK/E5CxQ7eYG5+9g+VHV9z51ebYV+zgRCUbmPAa4d+3q6GxP4XOS1IOz0wjZQCzxSNQMHUDVeYW5K536bEXw7gPxn0xehGM0VFxmN3JIYjYo+99AMLY1vbWzaCDBiQ+TVqRpNWGcpdeoXsds8hKJYE2nZd9iOw815KeX
/XzDJoTMmn9HBj6leGBKiDg3l7KLR7nl87zGbJYnrTaiCHVG+6Rek0T2pMi/HXQnp/fDKQzFv3ES6k22VfmPRBJP1CtY58DtbWMpuEZuRma+v/bQNriXAiTHzQQDOQ/DDKULQk8zAlXLBiR4vHAtGZg43vs7G2iwIRNx7KOotkX6RP5p2l3DATurH37WzWqa8WEt+MRsGdD2/MRTiCC4gporrbRqfo/5d/OqZPtBVWckdFsBu/Rfs4p+5YiI+pNUf7eXq3gzNTHmp5U=
/jLX5ajmTt+4nwAtXhKGd68aHeyzmF+5MIwJ6TSvVjQb/OoMCjjayf92OIt5N4rB5U49vvGH7MGJvrNl4KyeuMTaU3d34OOqPv/i2ZTLJ11ul9xwaPl3ftJKxUABSe3QDL5n1W/m5keepVwSC41A1eU6H2+6XANi2oq0WScfbMVHi6m023br3DgvgbUoRLlGBqXIvnprjDfFAZw3AB+jNjrb6hiDmlMJwqKtKrVxzJBferCY+beutn7hJrx2Wt9sxWkHAivrp5Y=
d8dRButMbDuO5EiLQfiMOK8aHeyzmF+5MIwJ6TSvVjQb/OoMCjjayf92OIt5N4rB5U49vvGH7MGJvrNl6b+UpcTYU3d34OOqPv/i2ZTLJ11ul9xwaPl3ftJKxUABSe3QDL5n1W/m5keepVwSC41A1eU6H2+6XANi2oq0WScfbMVHi6m023br3DgvgbUoRLlGBqXIvnprjDfFAZw3AB+jNjrb6hiDmlMJwqKtKrVxzJBferCY+beutn7hJrx2Wt9sxWkHAivrp5Y=
5PIJZrwH72qpBAFkOMC3nLcQFzSvtOLUXVP3jr/B3Y0r+moOJiIxjUk79XKACKKebGCY+jzCLYWhMJAMHzgt6FtiL4XQfK8ue0lj6uOsMs36N/ARF2uy1RQu3FMXmL7Yfc6FM31GsBwPKzssJgFS14Q8L5cwI/k4F3FONiNE9ljMl2OlvJO76QEKT/xrWrSdGdvMHgnwWmeAYE5BbFEpE6Q5BOWzIAb5AmZX0BPPjlD1hBHrPObD+DgGjV0OENKz3vKyYI+6uYsvPD/hp5A=
ENf8TbjYu49cEn+Ao+1ug9LMwr7RZH/z7tEz7SK99ce1TDpWnU4VPkI/6IuWjdz0KWhaPqjLFmft/3reANGYuYdSRSUs+tq/ke2kCB0AuaQJdYEchZcOWycrkpKpoO2nxR+Cu291RKc3
JEHozq8idd9SEPjvKumcSLPacwjs7XxA3wefFunCBhaFQwBQf43joPclXwlOTs772hOhi9cSceNSg1MdMfDk1LGHgHcfflPNVM7yDPxOs0DY3t00i/gA6L5KQsjP0glzj2RvSac4
ughAvuUuyk53re6mH9oOJ7Pacwjs7XxA3wefFunCBhaFQwBQf43joPclXwlOTs772hOhi9cSceNSg1MdMfDk1LGHgHMWaVTNVM7yDPxOs0DY3t0wivgA6L5KQsjP0glzj2RvSac4
Wf6lSv1GVAqUctEI3hSJESwOrizDEEQLFwvKIV2xG8ypyQbGk7/Mo2czGBFShof0tIbGV7iHQ6MUZu4NNsvJjoudYqYUf1+x6jDT3PfUJ6lvJOvLJboJMv+qR7zD18sDjINhaUqnOQ==
MNaBXfMcm5mdRT8ICghQXCwOrizDEEQLFwvKIV2xG8ypyQbGk7/Mo2czGBFShof0tIbGV7iHQ6MUZu4NNsvJjoudYqYQdki26jDT3PfUJ6lvJOvLJLoJMv+qR7zD18sDjINhaUqnOQ==
FwsbO1v8GPTgLja4ef+MxGeY23SGvlid2LUDgOC4blGWXTzClvWZEB9ZAEifj7vwomFy9QXpt7yNSQrV5+/hrqhueUHENV+wj4cs+CbezDCfmjD4uRiqFjyCply2+t/MBYmHYmtLpzY=
GBT84TQ79IDx88f39b47m9LMwr7RZH/z7tEz7SK99ce1TDpWnU4VPkI/6IuWjdz0KWhaPqjLFmft/3reANGYuYdSRSUs+t62huqkCB0AuaQJdYEchZcOWScukZKpoO2nxR+Cu291RKc3
zo7D4G634emGJ1jC9l2PZ+Pzo8be2KvXTirJhc3cz0Xz0gJ/a2MRgs+O6gcrcV8aaKfd3tS7gsdbhetlYuBOiV4DAQvA8sm1XLnfNAd7vGxecmzUN8ZATGHfaVJ0vnaIjpa/6O2VtxZzR6cy
eB0XsZ1JYAHvykNhzQ+0rTT2+FW7pmre2fVRTaACL1wk9Cthy7Qv0xh7dak7uqP0TzeHC6jz5dEWp2U=
7PwwMXJVIyxM5wGMCqDxKoYgOMJxdxrhIlhu8h+NTGC/inBoGUWrRp8S5kyWql+cJZnH8ssbp2Y=
bSAQS9EahCxwKRpVBKurh35x+9g0B53JYeJUXXR/Po4LNmaj5mAl7/26JW95Reg1pHTbATv037MEemWPC/oTVP+3F6v4M7UxZqcV
q8kFYfDEjFmQTM2SN6R/vXyNs2HLJqQXm2e4PG6j4S089FFSWkiV6tFhsyP8LnOgWH4dUokYRUg+KgIoz/LJ0w+EL2mnGA==
yEM0T8zO4HyZIpezbPCRwWM2x1tY2P+r2P3DsQyOvv0tV/SylRAahskgqZfn8cwQX/qwGPkwqTZ5YiY8dtrf7MXpB4Ira6cW
2H0NuBybwjC+SAABKKOkEjT2+FW7pmre2fVRTaACL1wk9Cthy7Qv0x55da87uqP0TzeHC6jz5dEWp2U=
hkdoyn1Ob35m375rvHlD4IYgOMJxdxrhIlhu8h+NTGC/inBoGUOpRpkS5kyWql+cJZnH8ssbp2Y=
ij686nJcr94RElnlTmhVvG1x+9g0Ap3JYeJUXXR/Po4LNmaj5mAl7/26JW95Reg1pHTbATv037MKeWWPC/oTVP+3F6v4M7UxZqcV
hyOePAtOFgVXAVQ2++l3Dm+es2HLJrcXm2e4PG6j4S089FFSWkiV6tFhsyP8LnOgWH4dVYkYRUg+KgIoz/LJ0w+EL2mnGA==
6c962MrZAX1TZCnm4z3vUG/9/HqfVrcXm2e4PG6j4S089FFSWkiV6tFhsyP8LnOgWH4dUIgYRUg+KgIoz/LJ0w+EL2mnGA==
7ARYlB7Mt/M95VW5b5M2fXyNs2HLJqQXm2e4PG6j4S089FFSWkiV6tFhsyP8LnOgWH4dUIgYRUg+KgIoz/LJ0w+EL2mnGA==
4ddCrptDEHcNwuenfCG0XGA2x1tY2P+r2P3DsQyOvv0tV/SylRAahskgqZfn8cwQX/qwGPk2qDZ5YiY8dtrf7MXpB4Ira6cW
zHgN3bQu3fiFZRG8lu7DLTT2+FW7pmre2fVRTaACL1wk9Cthy7Qv0x9/da87uqP0TzeHC6jz5dEWp2U=
LTMSHfjV0aETJ96AGZlyEoYgOMJxdxrhIlhu8h+NTGC/inBoGUKvRpkS5kyWql+cJZnH8ssbp2Y=
0FRd3BKFMdblcRPdcjViEX3l3+lgEGnI1j0CgvN0Ej97VSPJ3Mb+JV2/1IqFGBqe+QjJb7c5DEivkhCgabkursnKxkSmkp80tQEnujtjpw4=
wVTYoxyyM+RbHSypX0ByQCNi1o56aWHD/+RX1nLBJ+/7vwh0rusRdRzMQVpaQIXS8TlDazxmw3g4ho3bDpDVMN5ysuCPOrkLL7w/YacQ
Ls2+zdBC4JznTZ4VX6FWR1c65phaRhMvu7DSY4MBk2W0Il6ZxctEBg2cmgJBnDkDH51stPcmwOyh/W5ysR72aE72vwit9Te2M2enEg==
/InEln9wsRvx9mA4n62tX1QipeNg5WsSMgVvWyvL4NAOT3mBjHjJ3trEDWZhzSvPnMIrDOgyxR9OVJ0EDgZaxK8e0f8/iDdlpxQ=
8PY8/khLAxJywBjDFyABSh02txRDjJKny/3DsQyOvv0tV/SylRAahskgqZfn8cwQX/qwGPkxrjZ5YiY8dtrf7MXpB4Ira6cW
oNm1nJKIAC2YbLILCe00ZHz9/HqfSbcXm2e4PG6j4S089FFSWkiV6tFhsyP8LnOgWH4dU44YRUg+KgIoz/LJ0w+EL2mnGA==
1weaz4V20QXdumR1wGtwwBsQwPxZfJ+9Xts7XXR/Po4LNmaj5mAl7/26JW95Reg1pHTbATv037MPfmWPC/oTVP+3F6v4M7UxZqcV
1+yh7BMH/2U8TwbP8Dd9aF5x+9g0Bp3JYeJUXXR/Po4LNmaj5mAl7/26JW95Reg1pHTbATv037MIfmWPC/oTVP+3F6v4M7UxZqcV
SrSyTZoTFCSN6XsIGINP01yts2HLJoQXm2e4PG6j4S089FFSWkiV6tFhsyP8LnOgWH4dVI4YRUg+KgIoz/LJ0w+EL2mnGA==
yEeDu9Ijklo8shW2ZUgE2k/9/HqfZYQXm2e4PG6j4S089FFSWkiV6tFhsyP8LnOgWH4dVI4YRUg+KgIoz/LJ0w+EL2mnGA==
l7Wd71YAvChjZOCT+KMqBcJhMDtVcnpHMJIFRoi/yFgLM7N6a7PX/UapSgRVnbVMUS9kngtTRULdCDHH+ffWC5staKcb
VSN39xyfdX/w4P5IvU9oiHyNs2HLJqQXm2e4PG6j4S089FFSWkiV6tFhsyP8LnOgWH4dWo4YRUg+KgIoz/LJ0w+EL2mnGA==
FCgVr4NOA9iZNDgyOtjJ6GE2x1tY2P+r2P3DsQyOvv0tV/SylRAahskgqZfn8cwQX/qwGPkxqzZ4YiY8dtrf7MXpB4Ira6cW
VSv07pangrdLlhqCVpUkMzT2+FW7pmre2fVRTaACL1wk9Cthy7Qv0x97da47uqP0TzeHC6jz5dEWp2U=
06t23tm6V9TIBkT3bZQIXoYgOMJxdxrhIlhu8h+NTGC/inBoGUKrRpgS5kyWql+cJZnH8ssbp2Y=
/WEnmnS7OZRBdgN7OR09xGVIrrTSWaFd8D6OF+Q6ueYUV7yon6s/+ucrQ42ywdak6TXhnCXXKFtHanESCWDNp+Xf4juPNWSnFw==
odEaAHS5H2GyEtaPbZNYynU2x1tY2P+r2P3DsQyOvv0tV/SylRAahskgqZfn8cwQX/qwGPk5qzZ4YiY8dtrf7MXpB4Ira6cW
yIMbSYBkiD1X4JMJWHbEJBEltxRDjPir2P3DsQyOvv0tV/SylRAahskgqZfn8cwQX/qwGPkxqjZ4YiY8dtrf7MXpB4Ira6cW
RISObGbKffDYBnh7F+fBDmY2x1tY2P+r2P3DsQyOvv0tV/SylRAahskgqZfn8cwQX/qwGPkxqjZ4YiY8dtrf7MXpB4Ira6cW
PRbjDh+tfzwRx16NQYGu/jT2+FW7pmre2fVRTaACL1wk9Cthy7Qv0x56da47uqP0TzeHC6jz5dEWp2U=
/jK8rXX461KCNniS74lfpIYgOMJxdxrhIlhu8h+NTGC/inBoGUOqRpgS5kyWql+cJZnH8ssbp2Y=
Z6RRK7GcaRdCKw2PBxcMsGVIrrTSWaJd8D6OF+Q6ueYUV7yon6s/+ucrQ42ywdak6TXhnCXXKFpHanESCWDNp+Xf4juPNWSnFw==
C9hBKSjp+tHJaP9cw4c5qGc2x1tY2P+r2P3DsQyOvv0tV/SylRAahskgqZfn8cwQX/qwGPk4qjZ4YiY8dtrf7MXpB4Ira6cW
RLhy2GKrQlIxkIaU5pzROTT2+FW7pmre2fVRTaACL1wk9Cthy7Qv0x15da47uqP0TzeHC6jz5dEWp2U=
uGCOvxQoIZMvlu4iW2p3OoYgOMJxdxrhIlhu8h+NTGC/inBoGUCpRpgS5kyWql+cJZnH8ssbp2Y=
U8AnzPZm7kWcCHUwUpO7idJ4EyYSiiqIaWNhRrfrZyCI6jCuoG4gfnjj5azHyUclK2IWF+pf+UcX3imv4m+LsVNcfDgBCxj/luXMQeQiaqCc4musaJKF/Es0XqSOpprkr/4Rn79od0WnNA==
BBSnLSdN7ZQGrSOBo9oVPq+X96CwlFCqgB1Juaxg2dbazB1vQPkWllyK23QIqlWUy9wOnG7+Kgzv1uHHH5Anbacc
AR7ZffJYS4vvqLJN346FZi0OrizDEEUWCE/bKkGmFtCY+AHUtNnfwRR8A0VCxc2qsobAUZibRIcmNdwFUtXJjoudYqYQdki26jDT3PfUJ6lvJOvLI7sJNP+qR7zD18sDjINhaUqnOQ==
/eulYr0QVOjmfELOPeZQUzs7E9YtGIjbKjD5R0k6kcc0lKjAwZTPGTfE45vbO7Hk94qfzGsXoxO04+nZEqdh
IDFrjogBzVbF76jqPqzYkrLacwjs7X9A3wefFunCBhaFQwBQf43joPclXwlJFZvhzRi7mvoSR/Znwld5LfDk1LGHgHMWaVTNVM7yDPxOs0DY3t0wi/gG6L5KQsjP0glzj2RvSac4
LKD8VRLCZ2+6OAdiJceuK0PuqNZgYbHFXBwhqlqw5ROwhe7qvPYjCPjWregLoPbgnoLScA+qGbvv7N8Rp2A=
7glBcAHfgIwwiR02lBUGmWaY23SGvlqAx/ESi/yvY02nbDvQsZOKcGwWGxyPz+yx4HB/7zL4rKmOHTX94IL9rqhueUHEMVaniIcs+CbezDCfmjD4uRmrFjqCply2+t/MBYmHYmtLpzY=
Rzvf6kPaVvXAxcaSHSujrVQMGDH8BDCv/Q8U2mVoGo7ZKYiz2tiM2A8i0PCJwSu+6vqGlMZiH6QVsefq2xOnHg==
EVb5O/EbWG3wwQhjn6QFcikfg7V99BhiED4MWyvL4NAOT3mBjHjJ3trEDWZhzSvPnMIrDOgyxR1JVJ4EDgZaxK8e0f8/iDdlpxQ=
JsEd0Bb6qqZg+AcqreKSDW3JlUViWNG4ijUMB8odVLff4q52x3S4GgBtqelsUPnG2tw9XY6h4ffcOnukSFo1hcnM7uyuroq8byaBF1+gB32nDA==
i9To16ZhPM5uiVrVOo417wG4c/tbYlPo9idUyIe7N/rvO0ps1jy/ZLHlSTydZ6HfzxiJcuEwFefd78oblyVspx8=
1iD4y9GARLF5Nc1f7vJ5oHOupo01QbSzvUg5Dy6rrtgsuWZ3PIrxJlyHhIh32yf6/9srrYqRHuQhhbl8TUee3r/42bJRkIVnLY8aW6cFfKcP
FKsDJ/a3c3gNp9frBm+F6c/T/0scna3DF0Ado+OhU9ELUD+GI5nzvQR6nsH1EyQePYSaGnGEWdsvxazsR/6gdBFn6+oNhpaw/q5/UJ0tV64Df6cK
rD3zkvSQI0vcarCXWjWvq2nN/mMnHPD9tmEWO/s/b/Lf4I8zi2OwKE53qelsUPnG2tw9ToGl+/fcOnukSFo1g8vM4eyuroq8byaBF1+gB32nDA==
nGByuCgi+3I1zIwp7RWFJTT2+FW7pmre2fVRTaACL1wk9Cthy7Qv0xp7daM7uqP0TzeHC6jz5dEWp2U=
tnwxZpYVmISG8PMNTb6WEIYgOMJxdxrhIlhu8h+NTGC/inBoGUerRpUS5kyWql+cJZnH8ssbp2Y=
Ub8GVbnzGudFjA9OOOXF3TB91+xqOi7Yq4VEyXOjN+/7vwh0rusRdRzMQVpaQIXS8TlDazxmw3g4ho3eCJDZMN5ysuCPOrkLL7w/YacQ
vYil5A0dAmjRhvUFjof2NTB91+xqaWHD/+JMyhLdF+/7vwh0rusRdRzMQVpaQIXS8TlDazxmw3g4ho3fCJDZMN5ysuCPOrkLL7w/YacQ
y4w4xMV3BolDZ3hP6rH75zB91+xqGi7Yq4VEyXOjN+/7vwh0rusRdRzMQVpaQIXS8TlDazxmw3g4ho3fCJDZMN5ysuCPOrkLL7w/YacQ
2B07K+3odpvzXC/g8lML0Xv+w4l8YhqHzWkXhOhociNrVSPJ3Mb+JV2/1IqFGBqe+QjJb7c5DEivkhCgab0orsXKxkSmkp80tQEnujtjpw4=
IadZ+LVVdBVTcnW96c3tDH7W9BpUDpKO+XpCS+g2d/es448zi2OwKE53qelsUPnG2tw9ToGl+/fcOnukSFo1gMjM4eyuroq8byaBF1+gB32nDA==
7XhL33cLa+gm1G+Q8JrfztjI9TJngr+hZA8G9+q2SNtyKz+FI5nzvQR6nsH1EyQePYSaGnGEWdsvxazsR/6gdBFi6OoNhpaw/q5/UJ0tV64Df6cK
/1YEjB0tbn4LXrnmx/H8GdjI9TJnna7DF0Ado42+S7oMRz+FI5nzvQR6nsH1EyQePYSaGnGEWdsvxazsR/6gdBFj6OoNhpaw/q5/UJ0tV64Df6cK
JJFAqptLeDRIIVpV3qMbxn7W9BpUH/D9tmEWLOA1Fonf448zi2OwKE53qelsUPnG2tw9ToGl+/fcOnukSFo1gcjM4eyuroq8byaBF1+gB32nDA==
KFqiL7XZ5R3b8JucPZA0SH7W9BpUDpKO+XpCS+g2d/es448zi2OwKE53qelsUPnG2tw9ToGl+/fcOnukSFo1gcjM4eyuroq8byaBF1+gB32nDA==
WaIzq9N/dQzU3R+dKGsQ5zT2+FW7pmre2fVRTaACL1wk9Cthy7Qv0xx/daM7uqP0TzeHC6jz5dEWp2U=
QYvbGBaqNTjWgwFVRiMjr4YgOMJxdxrhIlhu8h+NTGC/inBoGUGvRpUS5kyWql+cJZnH8ssbp2Y=
2Og/s/ywECNRkO10YLS4qF9Cv01iAHuF0ia31j4ss6NK3yNSugj3/cB8MBlW0eC62KL00U1MICU6rTcjS4fGTibT4tX0uZSMkX+QexZhRDV0loJEPIYDGLhmTbMPcJhQXpLygI8a+auvHH9BpzA=
Ylzp01BcRaE7kTGJ8t9djxyf0mhunc0e+u3OY6v5twjjPOwEV/aAPMEIaYLVz7a47kY/uA2l9+bTF6di
fijAdw0riaKSt2m/P5omuz4U+RJa3rqcqLiLoQaGtrMnV73nghFOl8MV58y74MwQX/qwGPk0qTZ9YyY8dtrf7MXpB4Ira6cW
akxYJPcqcrUUpJ6ZZDORrid520KaoN37/erRY2Eh1pqGgEAMOvzEHqmC+kiOOEmTkLTZTy53Dqg6jc4Da1k36KMc7CSXlgCcgehpYpVvNtguZj+YTUV3RhN3pwI=
Iv0SX3fYya/s5fPeHrOMzeYoJypVIXMbPNIDQc60xFJVJLIuernisx31WwRVnbVMUS9lmQtXRELdCDHH+ffWC5staKcb
VOJvA4X2fyt2fRiBH2Sc1Cd520KaoN37/erRY2Eh1pqGgEAMOvzEHqmC+kiOOEmTkLTZTy53Dqg6jc4Da1k36KMc7CSXlgCcgeppYpVvNtguZj+YTUV3RhN3pwI=
JIdvXdvgS/2nMp91T+kXWuYoJypVIXMbPNIDQc60xFJVJLIuernisx31WwRVnbVMUS9kmQtXRELdCDHH+ffWC5staKcb
g4Ie0cqWFl2ndomTJq/J/CR520KaoN37/erRY2Eh1pqGgEAMOvzEHqmC+kiOOEmTkLTZTy53Dqg6jc4Da1k36KMc7CSXlgCcgetpYpVvNtguZj+YTUV3RhN3pwI=
Sg9hQHdKM5qCTp43wkykIGkAxr8OXA98z4/xDOMIz2n0JFnfzsdOWBqdzhNLqXdYQ4xstPcmwOyh9GlytR/2aE72vwit9Te2M2enEg==
dW0XA7hiHKr0rgKICc1oOeYoJypVIXMbPNIDQc60xFJVJLIuernisx31WwRVnbVMUS9qmQtXRELdCDHH+ffWC5staKcb
asHoY48I80sWOxweUvYHmyZ520KaoN37/erRY2Eh1pqGgEAMOvzEHqmC+kiOOEmTkLTZTy53Dqg6jc4Da1k36KMc7CSXlgCcgeVpYpVvNtguZj+YTUV3RhN3pwI=
ASuMFIWJ1gRlz/ui/FQa6jT2+FW7pmre2fVRTaACL1wk9Cthy7Qv0x14das6uqP0TzeHC6jz5dEWp2U=
zZn1UZKJm9EL4u2eLJr7CIYgOMJxdxrhIlhu8h+NTGC/inBoGUCoRp0T5kyWql+cJZnH8ssbp2Y=
84YyknjZriao/B3LeVHI/Ep6IHCJwnmDnwjZr54OohiqVzGtj5y1/t6WlKrxDFMifiURgsbWFKlU2xI81aJSZGpsNCYf7dY+mP/TKV7AR3SLdPtB23S/c+l4RUuqerOUn7f365izFXFGpzU=
CcxM7qnGw66mf2+2yJ0RpUp6IHCJwnmDnwjZr54OohiqVzGtj5y1/t6WlKrxDFMifiURgsbWFKlU2xI81aJSZGpsNCYf7dY+nPbELl7AR3SLdPtB23S/c+h4RUuqerOUn7f365izFXFGpzU=
m2yRO8HchlXlNjpMVU2rQ3WAsKSysZF8NMTEPZ51T3CtRQMYKDafyK2+lAEKRB/lQORXOxA2yZxzH3FrGDrx1bhiUjYKcjB4qeglBHXdVcwx70Gf6xfkwn1I0cfZN3aLe21Ipzs=
UX3aXmwNOgFm4q3kwdvaonWAsKSysZF8NMTEPZ51T3CtRQMYKDafyK2+lAEKRB/lQORXOxA2yZxzH3FrGDrx1bhiUjYKcjB4qeglBHXdVcwx70af6xfkwn1I0cfZN3aLe21Ipzs=
w3Yy6pc4gmnW9q6bOm8XgnWAsKSysZF8NMTEPZ51T3CtRQMYKDafyK2+lAEKRB/lQORXOxA2yZxzH3FrGDrx1bhiUjYKcjB4qeglBHXdVcwx70Ke6xfkwn1I0cfZN3aLe21Ipzs=
FKEBzNNu8iG6BcxE2Ow+zEp6IHCJwnmDnwjZr54OohiqVzGtj5y1/t6WlKrxDFMifiURgsbWFKlU2xI81aJSZGpsNCYf7dY+nPbELl7AR3SLdPtB23S/c+9+RUuqerOUn7f365izFXFGpzU=
IPDzvaabuV22/2u5ihDf0NN4EyYSiivTPCIjV7rxUDGT/zP6mVkKWlDm6Mu1hlxxOX1SBuFD7koL7xio8EjtpCNffDgBCxj7n/LLQeQiaqCc4musaJKF+0s0WKWOpprkr/4Rn79od0WnNA==
6ZnghC04pRWEQnKTl4OIWNPMwr7RZH2ou8sk5jis2MeDWRUUrH06LUI86YuWjdzyKWhaPqjLFmft/3reANGYu4dSRSUs+t62huqkCB0AuaQJdYEchZcIXicpl5KpoO2nxR+Cu291RKc3
UuR38F+C5Lk5WJBG6vQ1+dPMwr7RZH2ou8sk5jis2MeDWRUUrH06LUI86YuWjdzyKWhaPqjLFmft/3reANGYu4dSRSUs+t62huqkCB0AuaQJdYEchZcNWycol5KpoO2nxR+Cu291RKc3
S0Z51BYZGUE04wwaUPnhwdJ4EyYSiiqIaWNhRrfrZyCI6jCut3QnEGqB+azHyUclKGIWF+pf+UcX3imv4m+LsVNcfDgBCxj/luXMQeQiaqCc4musaJKF+ks0XqKOpprkr/4Rn79od0WnNA==
dBgQvPjCZ5CLyJ4e59snYOREncJnCC9CyG57eXIZT4cPYT+zkw8zCVMBSSpGaTKb567olYfucE7yBfK7tJAzeuQIPN3i6qm1kHJePxVlGJhxuF1ErS3trFlfzR9jZEpihfiJh+HnrqsTfUCnMw==
OBQunQqNgZNwppz3zZrX3uPzo8be2KqMGzDejtfN4kXFxy09WlA+kc+N6gcrcV8aaKfd3tS7gsdbhetlYuBOiV4DAwvA8sm1XLnfNAd7vGxecmzUN8ZATGHUblJ2uXaIjpa/6O2VtxZzR6cy
g/EtLXCoYRD1gw+PYJA02mz9/HqfNacXm2e4PG6j4S089FFSWkiV6tFhsyP8LnOgWH4dVYkYSE8+KgIoz/LJ0w+EL2mnGA==
FX4SPCiadjTFF2R6T1WsMA2Os2HLJqcXm2e4PG6j4S089FFSWkiV6tFhsyP8LnOgWH4dVYkYSE8+KgIoz/LJ0w+EL2mnGA==
5y/MnRTf58Y8Z1o5SCU/7Byf0mhunc0e4OvOf7P4twjlPewEV/aAPMEIaILcyba47kY/uA2l9+bTF6di
g+2bn1dTg2B/Ss14DLrq+D4U+RJa3rqcqLiLoQaGtrMnV73nmBdOi9sU58y94cwQX/qwGPk0qDZ0ZSY8dtrf7MXpB4Ira6cW
x7cHOeCFK2wgGtmxMGpWBxRLrr7LGP17yhXGDaJ+v+FSXLCiwaY4ruo5d8Ppm8ak6TXhnCXXK1hHZnYSCWDNp+Xf4juPNWSnFw==
OZFzwAQIc7x3vIECWBUzSDT2+FW7pmre2fVRTaACL1wk9Cthy7Qv0xh4daI8uqP0TzeHC6jz5dEWp2U=
WhvVgTuzoOc7F+eHOBQ9MIYgOMJxdxrhIlhu8h+NTGC/inBoGUWoRpQV5kyWql+cJZnH8ssbp2Y=
+j1LTsCniivAQVkchB8aZzT2+FW7pmre2fVRTaACL1wk9Cthy7Qv0x57dao5uqD0TzeHC6jz5dEWp2U=
T639GtcsWABmvJAo2bvx6YYgOMJxdxrhIlhu8h+NTGC/inBoGUOrRpwQ5k+Wql+cJZnH8ssbp2Y=
FLKCAxz7+xftaVcJoW24zXWAsKSysZR8NMTEPZ51T3CtRQMYKDafyK2+lAEKRB/lQORXOxA2yZxzH3BrGDrx1bhiUjYKcjB4qeglBHXdVcwx70uf6xLnwn5I0cfZN3aLe21Ipzs=
/95xLWeXEpyu4l/vnOBWpXWAsKSysZN8NMTEPZ51T3CtRQMYKDacyK2+lAEKRB/lQORXOxA2yZxzH3BrGDrx1bhiVj8ddTB4qeglBHXdVcwx70Oe6xLnwn5I0cfZN3aLe21Ipzs=
B6Z5ZfROgeQM/ZP3XG4xyHWAsKSysZB8NMTEPZ51T3CtRQMYKDafyK2+lAEKRB/lQORXOxA2yZxzH3drGDrx1bhiUjYKcjB4qeglBHXdVcwx70Ge6xLnwn5I0cfZN3aLe21Ipzs=
wxCvzIOKAeMUAm3hr/X2UnWAsKSysZV8NMTEPZ51T3CtRQMYKDacyK2+lAEKRB/lQORXOxA2yZxzH3drGDrx1bhiVj8ddTB4qeglBHXdVcwx70ee6xLnwn5I0cfZN3aLe21Ipzs=
KlS26T4l9ek2zRL0qn6r73WAsKSysZN8NMTEPZ51T3CtRQMYKDacyK2+lAEKRB/lQORXOxA2yZxzH3BrGDrx1bhiUjYKcjB4qeglBHXdVcwx70ae6xLnwn5I0cfZN3aLe21Ipzs=
AdziwmzLRr4FGTQant095nWAsKSysZN8NMTEPZ51T3CtRQMYKDacyK2+lAEKRB/lQORXOxA2yZxzH3BrGDrx1bhiVj8ddTB4qeglBHXdVcwx70Se6xLnwn5I0cfZN3aLe21Ipzs=
3YqPy2qNmpJdv2qjnuH9TnWAsKSysZN8NMTEPZ51T3CtRQMYKDacyK2+lAEKRB/lQORXOxA2yZxzH3BrGDrx1bhiUjYKcjB4qeglBHXdVcwx70ue6xLnwn5I0cfZN3aLe21Ipzs=
NNNnUQTjFhPSdK39vZK6HXWAsKSysZB8NMTEPZ51T3CtRQMYKDacyK2+lAEKRB/lQORXOxA2yZxzH3BrGDrx1bhiVj8ddTB4qeglBHXdVcwx70Ob6xHnwn5I0cfZN3aLe21Ipzs=
VnwxtLd4qnmu6EszC6iXfHWAsKSysZV8NMTEPZ51T3CtRQMYKDacyK2+lAEKRB/lQORXOxA2yZxzH3drGDrx1bhiUjYKcjB4qeglBHXdVcwx70Wb6xHnwn5I0cfZN3aLe21Ipzs=
PRQqwKOyuQyWfTRPqIYVvXWAsKSysZN8NMTEPZ51T3CtRQMYKDacyK2+lAEKRB/lQORXOxA2yZxzH3drGDrx1bhiVj8ddTB4qeglBHXdVcwx70ub6xHnwn5I0cfZN3aLe21Ipzs=
oDdxH/UhJWCU834fLbnA32ACxFtY2P/a2/3DsQyOvv0tV/SylRAahskgqZfn8cwQX/qwGPk5qzZ0YCY/dtrf7MXpB4Ira6cW
JiZG4p5T0S90U4PF6qEDL2AmtxRDjO2f2/3DsQyOvv0tV/SylRAahskgqZfn8cwQX/qwGPkwqjZ0YCY/dtrf7MXpB4Ira6cW
I7Z25/0vPX/yC59CHog1g2AixFtY2P/a2/3DsQyOvv0tV/SylRAahskgqZfn8cwQX/qwGPkwqjZ0YCY/dtrf7MXpB4Ira6cW
Vl4pKZIOdEjI5uWU8V1pAeH+DeC3i0vkgT00GVFediR5lbFcdfc7WleGI9JagF0nlT+S+//VFKdn
neDLYOul3u8X/qOoBBGbsP4gMSYYcD8JdZoWXc+zzV8SNfd5PYWQqRWWWgRVnbVMUS9nmgteR0LeCDHH+ffWC5staKcb
/Zv8L+PMUKRPzEnoNMvycxI0W8WYgrbIdOZAYxbb0wl4H8l9djL/wUrhL6II1Adpz6QLC0W6KXpdKiR8I9frw+wDgSlqpxk=
LrZRkUkBlpEXncUdPbk9HzT2+FW7pmre2fVRTaACL1wk9Cthy7Qv0xh6daI5uqD0TzeHC6jz5dEWp2U=
Zxbto3pLgXQd4b2+faJwdIYgOMJxdxrhIlhu8h+NTGC/inBoGUWqRpQQ5k+Wql+cJZnH8ssbp2Y=
pcMWwpzsOkvA5XAc6uqeMjJ6jpJnrLGQ+/8BI2szdW4dzn1JqanC2tss76l+JKuA5QAyUVjPhNf2iKSYt4Xb0MXuE8TaGj2hwX2Bree9DSh0YYljAHVkVJFxSGt8/lOwGI69IY7o6Dr+OSJ4TyKpw880T1mnKA==
eKIJcecpD8COmyN10rEBSxs2gsM5O3zJY60Db/sNzRP+FFZmXSIYd8v0uxq30Ezg7Zu5ZhMdsv4UrEWqGi+JQ6xKa34Bv8Lqs9sOo26a/cNzSbDwzVVnyYh6Iq2GpOJBbu1XWder8yZCfd6y7YFREFC8LejavCgrfHCsqqaLMVwejpsh23MGPO8xoQ+41GcpryQrS+K+ybq9qgQ8g9eLg8yDoemKp/k=
eCyFyVSWyRbAszmiovMHFGwc7ayO1WD3Sny+sbgPgMns2KKb8VJ4TKjaSNeOTH8WPMatwUjd8AJoJ2dCnf1+lFRkX+GMijcZsWOihs1yTb8K+EV03+FGxY/bTMk/XzkIExLrsOCbMWlAQNmKvjEYwnJPTJtd9ewrKFsDusKP+iTLftPlmpaddl31LNxnbuBkcRfummyU1iPenv9gvb2XvuOPp/o=
HgG0VhE0EfnOM3ZXI77UmQQheBAOI9uCr4F4Jgsxwp+atP55aGegIfzQopPhulgkeBIIH14k3/6sTi1J2DVQarjvJ4pNlV58RGxf6ZxiF3Fhq+JOHRrtV5pwxfxPCeatXxMMAe83GeADGuu48HMRAZCImUJuWbgq4sfME80dTEP4k0NyEufazNt20+2Kfr0ejT1sFLcGQIzhn24S/Hx2Sw5Wv6ht1bdW84en8g==
stnmtS+A/plYQfYEbv5H+baO2RMt2ShHZojKYyFL51LMheaizgt8Wbgr8NaikeW0UB5kZBgNKjrnlEBoDav8G7gwhDlXuJnrhrYIqh+rWCxfiz0dMhypxJX9NhYlXivnTjejhbzze4mBao+cazp0/Zm7DH4J0JrHAMCOYWxxabMkmUTFs8BGGYKGFzATL86wdWRRCzzGg1i4ps15DjAYEl5RckCP2nnrr1z/gafw
ai2zYpOimA8wpEk5VZZulQgtXOOegnznC91Wao5DjAGY0+Deopn1THBGlCxYxZpiByzQ4I0jbKPY6DRxl3DpM6bOGKIfo0hUf1NN1fJUGRz1Raaepda7X65vE038u4vRoZKflGsyZAW54/w2SRgqn+B4Huns+fkLREH0jXMINsGi/gc4EyfeyFW8IcP8jjOA2B5d8Y64iKq+CcKIz5KJs4+k74mn+A==
/c1cOHZlnqFvL7pb4SeVPVA/iMRpL3nSertQKOEW2gb+FFZmXSIYd8v0uxq30Ezg7Zu5ZhMdsv4UrEWqGi+JQ6xKa34Bv8Lqs9sOo26a/cNzSbDwzVVnyYh6Iq2GpOJBbu1XWder8yZCfd6y7YFREFC8LejavCgrfHCsqqaLMVwejpsh23MGPO8xoQ+41GcpryQrS+K+ybq9qgQ8g9eLg8yDoemKp/k=
3JHLiBHkJqmvFicTZP08sQgtQe+YkGfuO91Wao5DjAGY0+Deopn1THBGlCxYxZpiByzQ4I0jbKPY6DRxl3DpM6bOGKIfo0hUf1NN1fJUGRz1Raaepda7X65vE038u4vRoZKflGsyZAW54/w2SRgqn+B4Huns+fkLREH0jXMINsGi/gc4EyfeyFW8IcP8jjOA2B5d8Y64iKq+CcKIz5KJs4+k74mn+A==
8GKULfA66JeesMp7p527GxB7w1Kv3QGxzlRObKZDJWbnaNBz8pDeBXBTsC301KKP2a4oCFB26CMG0I+yZArtlaDh4AZQS4d21SHO8Mzo33Uk9ufdyU+C8sVuPZvStIWgt13WQTc3LH33AwnsCx7rpMhnYS247Hl+Nq3oZiqDDM+1yfwvEDfjjopTSkBT8lNxMupNsiXZDKhvcpBAqVsuTgQoRqdmcp/UdeGnWvuDp+4=
D/NENQyuOWAhI8Zgi3grqJ8lUNn5/0uyXMY4LRuxjkbub5RtqN/40qKV7UBAKowAOOlCDjfgiKxNbzRvaITs3ffccV8WQoAuny/Q2M8/1XmS+MFwRYn+0mWa45OeA8thnJeTvZGeh5hrPnwJiY/kGik08vPQtEalLLWhx/QtLCETpK6tEnKftJOrRkTl0LlvnCLr7GjSBb1O9NBmjmUapK++kd+/qPeFp/Q=
NnSfQ/bladJyGLFU97OjrJ4sTc7//AKgDMgkJx7wugjidZx4qN/40qKV7UBAKowAOOlCDjfgiKxNbzRvaITs3ffccV8WQoAuny/Q2M8/1XmS+MFwRYn+0mWa45OeA8thnJeTvZGeh5hrPnwJiY/kGik08vPQtEalLLWhx/QtLCETpK6tEnKftJOrRkTl0LlvnCLr7GjSBb1O9NBmjmUapK++kd+/qPeFp/Q=
iZjBQnMCwKlPieGvnVY3lDT2+FW7pmre2fVRTaACL1wk9Cthy7Qv0x5+daI5uqD0TzeHC6jz5dEWp2U=
0a6HiELqgNM1M6LGm0iBjYYgOMJxdxrhIlhu8h+NTGC/inBoGUOuRpQQ5k+Wql+cJZnH8ssbp2Y=
pZ8swbm1pYG6HCf+PNuiZdG70I+EsA6KxURPr7Y22NeMyQs5SvgaglyK23QIqlWVztwAnm79Kgzv1uHHH5Anbacc
j+2ljoPtZ21rYJJvaZOSizJ6jpJnrLGQ+/8BI2szdW4dzn1JqanC2tss76l+JKuA5QAyUVjPhNf2iKSYt4Xb0MXuE8TaGj2hwX2Bree9DSh0YYljAHVkVJFxSGt8/lOwGI69K4ro4zv+OSJ4TyKpw880T1mnKA==
ARN9uHIHP+G6TrJmoYy3jhs2gsM5O3zJY60Db/sNzRP+FFZmXSIYd8v0uxq30Ezg7Zu5ZhMdsv4UrEWqGi+JQ6xKa34Bv8Lqs9sOo26a/cNzSbDwzVVnyYh6Iq2GpOJBbu1XWder8yZCfd6y7YFREFC8LejavCgrfHCsqqaLMVwejpsh23MGPO8xoQ+41GcpryQrS+i6ybG8qgQ8g9eLg8yDoemKp/k=
F+3KzxgtxOrgnf8LMv22XGwc7ayO1WD3Sny+sbgPgMns2KKb8VJ4TKjaSNeOTH8WPMatwUjd8AJoJ2dCnf1+lFRkX+GMijcZsWOihs1yTb8K+EV03+FGxY/bTMk/XzkIExLrsOCbMWlAQNmKvjEYwnJPTJtd9ewrKFsDusKP+iTLftPlmpaddl31LNxnbuBkcR3qmmeV1iPenv9gvb2XvuOPp/o=
9lvHFVLkTYI3YpEGHkBXRAQheBAOI9uCr4F4Jgsxwp+atP55aGegIfzQopPhulgkeBIIH14k3/6sTi1J2DVQarjvJ4pNlV58RGxf6ZxiF3Fhq+JOHRrtV5pwxfxPCeatXxMMAe83GeADGuu48HMRAZCImUJuWbgq4sfME80dTEP4k0NyEufazNt20+2Kfr0ejT1sFLcGQIzhlWoS9312Sw5Wv6ht1bdW84en8g==
pIIbNRQ/lquAEEIUmiwccraO2RMt2ShHZojKYyFL51LMheaizgt8Wbgr8NaikeW0UB5kZBgNKjrnlEBoDav8G7gwhDlXuJnrhrYIqh+rWCxfiz0dMhypxJX9NhYlXivnTjejhbzze4mBao+cazp0/Zm7DH4J0JrHAMCOYWxxabMkmUTFs8BGGYKGFzATL86wdWRRCzzGg1i4ps1zCjATE15RckCP2nnrr1z/gafw
CFil1/1W3NWpl3cPYLlXnwgtXOOegnznC91Wao5DjAGY0+Deopn1THBGlCxYxZpiByzQ4I0jbKPY6DRxl3DpM6bOGKIfo0hUf1NN1fJUGRz1Raaepda7X65vE038u4vRoZKflGsyZAW54/w2SRgqn+B4Huns+fkLREH0jXMINsGi/gc4EyfeyFW8IcP8jjOA2B5d+4q4g6u+CcKIz5KJs4+k74mn+A==
vBvYK6JmdElCt/AUUpl/ylA/iMRpL3nSertQKOEW2gb+FFZmXSIYd8v0uxq30Ezg7Zu5ZhMdsv4UrEWqGi+JQ6xKa34Bv8Lqs9sOo26a/cNzSbDwzVVnyYh6Iq2GpOJBbu1XWder8yZCfd6y7YFREFC8LejavCgrfHCsqqaLMVwejpsh23MGPO8xoQ+41GcpryQrS+i6ybG8qgQ8g9eLg8yDoemKp/k=
IK7BrMdAue5q+RGPFNhbxggtQe+YkGfuO91Wao5DjAGY0+Deopn1THBGlCxYxZpiByzQ4I0jbKPY6DRxl3DpM6bOGKIfo0hUf1NN1fJUGRz1Raaepda7X65vE038u4vRoZKflGsyZAW54/w2SRgqn+B4Huns+fkLREH0jXMINsGi/gc4EyfeyFW8IcP8jjOA2B5d+4q4g6u+CcKIz5KJs4+k74mn+A==
wEvdgouXUtruIQS8yx8fOBB7w1Kv3QGxzlRObKZDJWbnaNBz8pDeBXBTsC301KKP2a4oCFB26CMG0I+yZArtlaDh4AZQS4d21SHO8Mzo33Uk9ufdyU+C8sVuPZvStIWgt13WQTc3LH33AwnsCx7rpMhnYS247Hl+Nq3oZiqDDM+1yfwvEDfjjopTSkBT8lNxMupNsiXZDKhvcpBAqVEqTg8pRqdmcp/UdeGnWvuDp+4=
zPFyJ4OOAIX5xCiYBPim5p8lUNn5/0uyXMY4LRuxjkbub5RtqN/40qKV7UBAKowAOOlCDjfgiKxNbzRvaITs3ffccV8WQoAuny/Q2M8/1XmS+MFwRYn+0mWa45OeA8thnJeTvZGeh5hrPnwJiY/kGik08vPQtEalLLWhx/QtLCETpK6tEnKftJOrRkTl0LlvnCLr7GjSBbdK9NtnjmUapK++kd+/qPeFp/Q=
TGfxk148hOVplqevdcN63Z4sTc7//AKgDMgkJx7wugjidZx4qN/40qKV7UBAKowAOOlCDjfgiKxNbzRvaITs3ffccV8WQoAuny/Q2M8/1XmS+MFwRYn+0mWa45OeA8thnJeTvZGeh5hrPnwJiY/kGik08vPQtEalLLWhx/QtLCETpK6tEnKftJOrRkTl0LlvnCLr7GjSBbdK9NtnjmUapK++kd+/qPeFp/Q=
JaQfG25bbsKwwkJhYKI3jDT2+FW7pmre2fVRTaACL1wk9Cthy7Qv0xR6dak4uqD0TzeHC6jz5dEWp2U=
tUPulT3jo4Tq8y2qAxNCWoYgOMJxdxrhIlhu8h+NTGC/inBoGUmqRp8R5k+Wql+cJZnH8ssbp2Y=
qnedAJTaqCvHVsPA/iM5jtG70I+EsA6KxURPr7Y22NeMyQs5SvgaglyK23QIqlWfytwLn279Kgzv1uHHH5Anbacc
2s/7l+p+k9g2Bf9T/5hj5zJ6jpJnrLGQ+/8BI2szdW4dzn1JqanC2tss76l+JKuA5QAyUVjPhNf2iKSYt4Xb0MXuE8TaGj2hwX2Bree9DSh0YYljAHVkVJFxSGt8/lOwGI69K47o6Tv+OSJ4TyKpw880T1mnKA==
2L6avkt4Bob8JNhrXCWcNRs2gsM5O3zJY60Db/sNzRP+FFZmXSIYd8v0uxq30Ezg7Zu5ZhMdsv4UrEWqGi+JQ6xKa34Bv8Lqs9sOo26a/cNzSbDwzVVnyYh6Iq2GpOJBbu1XWder8yZCfd6y7YFREFC8LejavCgrfHCsqqaLMVwejpsh23MGPO8xoQ+41GcpryQrS+i+ybu8qgQ8g9eLg8yDoemKp/k=
WqH5mpFlmavH4JuihegcE2wc7ayO1WD3Sny+sbgPgMns2KKb8VJ4TKjaSNeOTH8WPMatwUjd8AJoJ2dCnf1+lFRkX+GMijcZsWOihs1yTb8K+EV03+FGxY/bTMk/XzkIExLrsOCbMWlAQNmKvjEYwnJPTJtd9ewrKFsDusKP+iTLftPlmpaddl31LNxnbuBkcR3umm2V1iPenv9gvb2XvuOPp/o=
BjcICDR+HSFjAqHweUPN1gQheBAOI9uCr4F4Jgsxwp+atP55aGegIfzQopPhulgkeBIIH14k3/6sTi1J2DVQarjvJ4pNlV58RGxf6ZxiF3Fhq+JOHRrtV5pwxfxPCeatXxMMAe83GeADGuu48HMRAZCImUJuWbgq4sfME80dTEP4k0NyEufazNt20+2Kfr0ejT1sFLcGQIzhlW4S/X12Sw5Wv6ht1bdW84en8g==
daicqblVKZjaic+D9So1b7aO2RMt2ShHZojKYyFL51LMheaizgt8Wbgr8NaikeW0UB5kZBgNKjrnlEBoDav8G7gwhDlXuJnrhrYIqh+rWCxfiz0dMhypxJX9NhYlXivnTjejhbzze4mBao+cazp0/Zm7DH4J0JrHAMCOYWxxabMkmUTFs8BGGYKGFzATL86wdWRRCzzGg1i4ps1zDjAZE15RckCP2nnrr1z/gafw
hzyGxr2huJlAiX/hP3pxFAgtXOOegnznC91Wao5DjAGY0+Deopn1THBGlCxYxZpiByzQ4I0jbKPY6DRxl3DpM6bOGKIfo0hUf1NN1fJUGRz1Raaepda7X65vE038u4vRoZKflGsyZAW54/w2SRgqn+B4Huns+fkLREH0jXMINsGi/gc4EyfeyFW8IcP8jjOA2B5d+464iau+CcKIz5KJs4+k74mn+A==
CH436gk6r6UmgoC11+Qud1A/iMRpL3nSertQKOEW2gb+FFZmXSIYd8v0uxq30Ezg7Zu5ZhMdsv4UrEWqGi+JQ6xKa34Bv8Lqs9sOo26a/cNzSbDwzVVnyYh6Iq2GpOJBbu1XWder8yZCfd6y7YFREFC8LejavCgrfHCsqqaLMVwejpsh23MGPO8xoQ+41GcpryQrS+i+ybu8qgQ8g9eLg8yDoemKp/k=
WhpYLJ3oZFCkdtkJFXjfUwgtQe+YkGfuO91Wao5DjAGY0+Deopn1THBGlCxYxZpiByzQ4I0jbKPY6DRxl3DpM6bOGKIfo0hUf1NN1fJUGRz1Raaepda7X65vE038u4vRoZKflGsyZAW54/w2SRgqn+B4Huns+fkLREH0jXMINsGi/gc4EyfeyFW8IcP8jjOA2B5d+464iau+CcKIz5KJs4+k74mn+A==
96opblsaSHB/2lieCM3LrRB7w1Kv3QGxzlRObKZDJWbnaNBz8pDeBXBTsC301KKP2a4oCFB26CMG0I+yZArtlaDh4AZQS4d21SHO8Mzo33Uk9ufdyU+C8sVuPZvStIWgt13WQTc3LH33AwnsCx7rpMhnYS247Hl+Nq3oZiqDDM+1yfwvEDfjjopTSkBT8lNxMupNsiXZDKhvcpBAqVEuTgUpRqdmcp/UdeGnWvuDp+4=
D9d0xAf2r4AQnt0XqLunjZ8lUNn5/0uyXMY4LRuxjkbub5RtqN/40qKV7UBAKowAOOlCDjfgiKxNbzRvaITs3ffccV8WQoAuny/Q2M8/1XmS+MFwRYn+0mWa45OeA8thnJeTvZGeh5hrPnwJiY/kGik08vPQtEalLLWhx/QtLCETpK6tEnKftJOrRkTl0LlvnCLr7GjSBbdO9NFnjmUapK++kd+/qPeFp/Q=
eGsw4spbUH1z8ZywRcQUFJ4sTc7//AKgDMgkJx7wugjidZx4qN/40qKV7UBAKowAOOlCDjfgiKxNbzRvaITs3ffccV8WQoAuny/Q2M8/1XmS+MFwRYn+0mWa45OeA8thnJeTvZGeh5hrPnwJiY/kGik08vPQtEalLLWhx/QtLCETpK6tEnKftJOrRkTl0LlvnCLr7GjSBbdO9NFnjmUapK++kd+/qPeFp/Q=
JiDUCAi232oJgw5zhaedgTT2+FW7pmre2fVRTaACL1wk9Cthy7Qv0xR+daM4uqD0TzeHC6jz5dEWp2U=
DnQb3pXG8k57bWzNO9ZAYYYgOMJxdxrhIlhu8h+NTGC/inBoGUmuRpUR5k+Wql+cJZnH8ssbp2Y=
7nQQyPlSSGBDEYhWqtZVEdG70I+EsA6KxURPr7Y22NeMyQs5SvgaglyK23QIqlWfztwBn279Kgzv1uHHH5Anbacc
gIs4I58+fcIo1lLp5RgV8DJ6jpJnrLGQ+/8BI2szdW4dzn1JqanC2tss76l+JKuA5QAyUVjPhNf2iKSYt4Xb0MXuE8TaGj2hwX2Bree9DSh0YYljAHVkVJFxSGt8/lOwGI69JYno6Dv+OSJ4TyKpw880T1mnKA==
rvLGoXuZyOgIFkE1AcVyfhs2gsM5O3zJY60Db/sNzRP+FFZmXSIYd8v0uxq30Ezg7Zu5ZhMdsv4UrEWqGi+JQ6xKa34Bv8Lqs9sOo26a/cNzSbDwzVVnyYh6Iq2GpOJBbu1XWder8yZCfd6y7YFREFC8LejavCgrfHCsqqaLMVwejpsh23MGPO8xoQ+41GcpryQrS+a5ybq8qgQ8g9eLg8yDoemKp/k=
+ROaMpIuT88B5t+dpPbARGwc7ayO1WD3Sny+sbgPgMns2KKb8VJ4TKjaSNeOTH8WPMatwUjd8AJoJ2dCnf1+lFRkX+GMijcZsWOihs1yTb8K+EV03+FGxY/bTMk/XzkIExLrsOCbMWlAQNmKvjEYwnJPTJtd9ewrKFsDusKP+iTLftPlmpaddl31LNxnbuBkcRPpmmyV1iPenv9gvb2XvuOPp/o=
n2SqdKVDcMbOCYL4M1S7twQheBAOI9uCr4F4Jgsxwp+atP55aGegIfzQopPhulgkeBIIH14k3/6sTi1J2DVQarjvJ4pNlV58RGxf6ZxiF3Fhq+JOHRrtV5pwxfxPCeatXxMMAe83GeADGuu48HMRAZCImUJuWbgq4sfME80dTEP4k0NyEufazNt20+2Kfr0ejT1sFLcGQIzhm2kS/H12Sw5Wv6ht1bdW84en8g==
zQWC7b8eYdOFWWKOpbjlyLaO2RMt2ShHZojKYyFL51LMheaizgt8Wbgr8NaikeW0UB5kZBgNKjrnlEBoDav8G7gwhDlXuJnrhrYIqh+rWCxfiz0dMhypxJX9NhYlXivnTjejhbzze4mBao+cazp0/Zm7DH4J0JrHAMCOYWxxabMkmUTFs8BGGYKGFzATL86wdWRRCzzGg1i4ps19CTAYE15RckCP2nnrr1z/gafw
3/bceHANoCSQDEw8Md/EFggtXOOegnznC91Wao5DjAGY0+Deopn1THBGlCxYxZpiByzQ4I0jbKPY6DRxl3DpM6bOGKIfo0hUf1NN1fJUGRz1Raaepda7X65vE038u4vRoZKflGsyZAW54/w2SRgqn+B4Huns+fkLREH0jXMINsGi/gc4EyfeyFW8IcP8jjOA2B5d9Ym4iKu+CcKIz5KJs4+k74mn+A==
fRMm1TluAr1LA3bwDgPr7lA/iMRpL3nSertQKOEW2gb+FFZmXSIYd8v0uxq30Ezg7Zu5ZhMdsv4UrEWqGi+JQ6xKa34Bv8Lqs9sOo26a/cNzSbDwzVVnyYh6Iq2GpOJBbu1XWder8yZCfd6y7YFREFC8LejavCgrfHCsqqaLMVwejpsh23MGPO8xoQ+41GcpryQrS+a5ybq8qgQ8g9eLg8yDoemKp/k=
myhP16vqPbFMFfRu3vNOlQgtQe+YkGfuO91Wao5DjAGY0+Deopn1THBGlCxYxZpiByzQ4I0jbKPY6DRxl3DpM6bOGKIfo0hUf1NN1fJUGRz1Raaepda7X65vE038u4vRoZKflGsyZAW54/w2SRgqn+B4Huns+fkLREH0jXMINsGi/gc4EyfeyFW8IcP8jjOA2B5d9Ym4iKu+CcKIz5KJs4+k74mn+A==
ouQ20k6yq4a8TqGcCDBrlxB7w1Kv3QGxzlRObKZDJWbnaNBz8pDeBXBTsC301KKP2a4oCFB26CMG0I+yZArtlaDh4AZQS4d21SHO8Mzo33Uk9ufdyU+C8sVuPZvStIWgt13WQTc3LH33AwnsCx7rpMhnYS247Hl+Nq3oZiqDDM+1yfwvEDfjjopTSkBT8lNxMupNsiXZDKhvcpBAqV8pTgQpRqdmcp/UdeGnWvuDp+4=
YdDei64lwI2QCLFTfFZU3Z8lUNn5/0uyXMY4LRuxjkbub5RtqN/40qKV7UBAKowAOOlCDjfgiKxNbzRvaITs3ffccV8WQoAuny/Q2M8/1XmS+MFwRYn+0mWa45OeA8thnJeTvZGeh5hrPnwJiY/kGik08vPQtEalLLWhx/QtLCETpK6tEnKftJOrRkTl0LlvnCLr7GjSBblJ9NBnjmUapK++kd+/qPeFp/Q=
+44k/aUnCpghIt85ykOJz54sTc7//AKgDMgkJx7wugjidZx4qN/40qKV7UBAKowAOOlCDjfgiKxNbzRvaITs3ffccV8WQoAuny/Q2M8/1XmS+MFwRYn+0mWa45OeA8thnJeTvZGeh5hrPnwJiY/kGik08vPQtEalLLWhx/QtLCETpK6tEnKftJOrRkTl0LlvnCLr7GjSBblJ9NBnjmUapK++kd+/qPeFp/Q=
JV/MsCZEvmknpE0cUMjYvzT2+FW7pmre2fVRTaACL1wk9Cthy7Qv0xp5daI4uqD0TzeHC6jz5dEWp2U=
Tqw2vZe+0t6+MfAgt2HJDIYgOMJxdxrhIlhu8h+NTGC/inBoGUepRpQR5k+Wql+cJZnH8ssbp2Y=
wTTLZXG/QBvvUj+0XMjF4NG70I+EsA6KxURPr7Y22NeMyQs5SvgaglyK23QIqlWRydwAn279Kgzv1uHHH5Anbacc
y7NhIC4sXRqX63BEDRN4uTJ6jpJnrLGQ+/8BI2szdW4dzn1JqanC2tss76l+JKuA5QAyUVjPhNf2iKSYt4Xb0MXuE8TaGj2hwX2Bree9DSh0YYljAHVkVJFxSGt8/lOwGI69JYro4jj+OSJ4TyKpw880T1mnKA==
33sWVwNHLTK9DwWD9Tc5Ixs2gsM5O3zJY60Db/sNzRP+FFZmXSIYd8v0uxq30Ezg7Zu5ZhMdsv4UrEWqGi+JQ6xKa34Bv8Lqs9sOo26a/cNzSbDwzVVnyYh6Iq2GpOJBbu1XWder8yZCfd6y7YFREFC8LejavCgrfHCsqqaLMVwejpsh23MGPO8xoQ+41GcpryQrS+a6ybC/qgQ8g9eLg8yDoemKp/k=
WO+HcJOaoxAhBe6nnAdshGwc7ayO1WD3Sny+sbgPgMns2KKb8VJ4TKjaSNeOTH8WPMatwUjd8AJoJ2dCnf1+lFRkX+GMijcZsWOihs1yTb8K+EV03+FGxY/bTMk/XzkIExLrsOCbMWlAQNmKvjEYwnJPTJtd9ewrKFsDusKP+iTLftPlmpaddl31LNxnbuBkcRPqmmaW1iPenv9gvb2XvuOPp/o=
F11cIBSTYZWbAhlai/QhIAQheBAOI9uCr4F4Jgsxwp+atP55aGegIfzQopPhulgkeBIIH14k3/6sTi1J2DVQarjvJ4pNlV58RGxf6ZxiF3Fhq+JOHRrtV5pwxfxPCeatXxMMAe83GeADGuu48HMRAZCImUJuWbgq4sfME80dTEP4k0NyEufazNt20+2Kfr0ejT1sFLcGQIzhm2oS9n52Sw5Wv6ht1bdW84en8g==
FAyXYwGDsR/EEbEoagjbO7aO2RMt2ShHZojKYyFL51LMheaizgt8Wbgr8NaikeW0UB5kZBgNKjrnlEBoDav8G7gwhDlXuJnrhrYIqh+rWCxfiz0dMhypxJX9NhYlXivnTjejhbzze4mBao+cazp0/Zm7DH4J0JrHAMCOYWxxabMkmUTFs8BGGYKGFzATL86wdWRRCzzGg1i4ps19CjASEF5RckCP2nnrr1z/gafw
vr/hvHNsj4TEOCRJVX7HrggtXOOegnznC91Wao5DjAGY0+Deopn1THBGlCxYxZpiByzQ4I0jbKPY6DRxl3DpM6bOGKIfo0hUf1NN1fJUGRz1Raaepda7X65vE038u4vRoZKflGsyZAW54/w2SRgqn+B4Huns+fkLREH0jXMINsGi/gc4EyfeyFW8IcP8jjOA2B5d9Yq4gqi+CcKIz5KJs4+k74mn+A==
9BC2z9lgB9NhDd9gYhi/g1A/iMRpL3nSertQKOEW2gb+FFZmXSIYd8v0uxq30Ezg7Zu5ZhMdsv4UrEWqGi+JQ6xKa34Bv8Lqs9sOo26a/cNzSbDwzVVnyYh6Iq2GpOJBbu1XWder8yZCfd6y7YFREFC8LejavCgrfHCsqqaLMVwejpsh23MGPO8xoQ+41GcpryQrS+a6ybC/qgQ8g9eLg8yDoemKp/k=
OoaiFYpNKXdSKBd6AS3h2AgtQe+YkGfuO91Wao5DjAGY0+Deopn1THBGlCxYxZpiByzQ4I0jbKPY6DRxl3DpM6bOGKIfo0hUf1NN1fJUGRz1Raaepda7X65vE038u4vRoZKflGsyZAW54/w2SRgqn+B4Huns+fkLREH0jXMINsGi/gc4EyfeyFW8IcP8jjOA2B5d9Yq4gqi+CcKIz5KJs4+k74mn+A==
ZUwa1y2RsqyAUdAW8iB5iBB7w1Kv3QGxzlRObKZDJWbnaNBz8pDeBXBTsC301KKP2a4oCFB26CMG0I+yZArtlaDh4AZQS4d21SHO8Mzo33Uk9ufdyU+C8sVuPZvStIWgt13WQTc3LH33AwnsCx7rpMhnYS247Hl+Nq3oZiqDDM+1yfwvEDfjjopTSkBT8lNxMupNsiXZDKhvcpBAqV8qTg4qRqdmcp/UdeGnWvuDp+4=
IXj1boKkI6UNlMPT9oaL158lUNn5/0uyXMY4LRuxjkbub5RtqN/40qKV7UBAKowAOOlCDjfgiKxNbzRvaITs3ffccV8WQoAuny/Q2M8/1XmS+MFwRYn+0mWa45OeA8thnJeTvZGeh5hrPnwJiY/kGik08vPQtEalLLWhx/QtLCETpK6tEnKftJOrRkTl0LlvnCLr7GjSBblK9NpkjmUapK++kd+/qPeFp/Q=
LVV82BQKbUu57HezAIMcF54sTc7//AKgDMgkJx7wugjidZx4qN/40qKV7UBAKowAOOlCDjfgiKxNbzRvaITs3ffccV8WQoAuny/Q2M8/1XmS+MFwRYn+0mWa45OeA8thnJeTvZGeh5hrPnwJiY/kGik08vPQtEalLLWhx/QtLCETpK6tEnKftJOrRkTl0LlvnCLr7GjSBblK9NpkjmUapK++kd+/qPeFp/Q=
czets7Qrsiwq4/dclUbcdjT2+FW7pmre2fVRTaACL1wk9Cthy7Qv0xp6dag7uqD0TzeHC6jz5dEWp2U=
t2TDDJ5VFzd1wXgfxtc4ooYgOMJxdxrhIlhu8h+NTGC/inBoGUeqRp4S5k+Wql+cJZnH8ssbp2Y=
hThNk5YeFFBc2R3iNjp+1NG70I+EsA6KxURPr7Y22NeMyQs5SvgaglyK23QIqlWRytwKnG79Kgzv1uHHH5Anbacc
In/FidxttrYgOIW5xAO4BTJ6jpJkrLGQ+/8BI2szdW4dzn1JqanC2tss76l+JKuA5QAyUVjPhNf2iKSYt4Xb0MXuE8TaGj2hwX2Bree9DSh0YYljAHVkVJFxSGt8/lOwGI69Jono4jj+OSJ4TyKpw880T1mnKA==
4N+6fHgSwKVXH1+fcT4ggxs2gsM5O3zJY60Db/sNzRP+FFZmXSIYd8v0uxq30Ezg7Zu5ZhMdsv4UrEWqGi+JQ6xKa34Bv8Lqs9sOo26a/cNzSbDwzVVnyYh6Iq2GpOJBbu1XWder8yZCfd6y7YFREFC8LejavCgrfHCsqqaLMVwejpsh23MGPO8xoQ+41GcpryQrS+W5ybC/qgQ8g9eLg8yDoemKp/k=
WOVBv56uv/BoJW1oTfHIKGwc7ayO1WD3Sny+sbgPgMns2KKb8VJ4TKjaSNeOTH8WPMatwUjd8AJoJ2dCnf1+lFRkX+GMijcZsWOihs1yTb8K+EV03+FGxY/bTMk/XzkIExLrsOCbMWlAQNmKvjEYwnJPTJtd9ewrKFsDusKP+iTLftPlmpaddl31LNxnbuBkcRDpmmaW1iPenv9gvb2XvuOPp/o=
/ilaenWsM7jCQuAL2KgNugQheBAOI9uCr4F4Jgsxwp+atP55aGegIfzQopPhulgkeBIIH14k3/6sTi1J2DVQarjvJ4pNlV58RGxf6ZxiF3Fhq+JOHRrtV5pwxfxPCeatXxMMAe83GeADGuu48HMRAZCImUJuWbgq4sfME80dTEP4k0NyEufazNt20+2Kfr0ejT1sFLcGQIzhmGkS9n52Sw5Wv6ht1bdW84en8g==
o93gOX3QZZdyyWs465kl/baO2RMt2ShHZojKYyFL51LMheaizgt8Wbgr8NaikeW0UB5kZBgNKjrnlEBoDav8G7gwhDlXuJnrhrYIqh+rWCxfiz0dMhypxJX9NhYlXivnTjejhbzze4mBao+cazp0/Zm7DH4J0JrHAMCOYWxxabMkmUTFs8BGGYKGFzATL86wdWRRCzzGg1i4ps1+CTASEF5RckCP2nnrr1z/gafw
fH1YWepLCNqLEEATH6NOkAgtXOOegnznC91Wao5DjAGY0+Deopn1THBGlCxYxZpiByzQ4I0jbKPY6DRxl3DpM6bOGKIfo0hUf1NN1fJUGRz1Raaepda7X65vE038u4vRoZKflGsyZAW54/w2SRgqn+B4Huns+fkLREH0jXMINsGi/gc4EyfeyFW8IcP8jjOA2B5d9om4gqi+CcKIz5KJs4+k74mn+A==
E8NkWoYeCBJVupLrocrBGlA/iMRpL3nSertQKOEW2gb+FFZmXSIYd8v0uxq30Ezg7Zu5ZhMdsv4UrEWqGi+JQ6xKa34Bv8Lqs9sOo26a/cNzSbDwzVVnyYh6Iq2GpOJBbu1XWder8yZCfd6y7YFREFC8LejavCgrfHCsqqaLMVwejpsh23MGPO8xoQ+41GcpryQrS+W5ybC/qgQ8g9eLg8yDoemKp/k=
p2Rmu1zXmFciKrATt9G7KQgtQe+YkGfuO91Wao5DjAGY0+Deopn1THBGlCxYxZpiByzQ4I0jbKPY6DRxl3DpM6bOGKIfo0hUf1NN1fJUGRz1Raaepda7X65vE038u4vRoZKflGsyZAW54/w2SRgqn+B4Huns+fkLREH0jXMINsGi/gc4EyfeyFW8IcP8jjOA2B5d9om4gqi+CcKIz5KJs4+k74mn+A==
nr7zYurmsgCwb3sL/HxEhhB7w1Kv3QGxzlRObKZDJWbnaNBz8pDeBXBTsC301KKP2a4oCFB26CMG0I+yZArtlaDh4AZQS4d21SHO8Mzo33Uk9ufdyU+C8sVuPZvStIWgt13WQTc3LH33AwnsCx7rpMhnYS247Hl+Nq3oZiqDDM+1yfwvEDfjjopTSkBT8lNxMupNsiXZDKhvcpBAqVwpTg4qRqdmcp/UdeGnWvuDp+4=
AaCTocStbYEaaNgHnkHLa58lUNn5/0uyXMY4LRuxjkbub5RtqN/40qKV7UBAKowAOOlCDjfgiKxNbzRvaITs3ffccV8WQoAuny/Q2M8/1XmS+MFwRYn+0mWa45OeA8thnJeTvZGeh5hrPnwJiY/kGik08vPQtEalLLWhx/QtLCETpK6tEnKftJOrRkTl0LlvnCLr7GjSBbpJ9NpkjmUapK++kd+/qPeFp/Q=
kN8xIG4JqYPmV4Cx4kcU7Z4sTc7//AKgDMgkJx7wugjidZx4qN/40qKV7UBAKowAOOlCDjfgiKxNbzRvaITs3ffccV8WQoAuny/Q2M8/1XmS+MFwRYn+0mWa45OeA8thnJeTvZGeh5hrPnwJiY/kGik08vPQtEalLLWhx/QtLCETpK6tEnKftJOrRkTl0LlvnCLr7GjSBbpJ9NpkjmUapK++kd+/qPeFp/Q=
M1oTbxTa3BmL63sQ9HPEkdG70I+EsA6KxURPr7Y22NeMyQs5SvgaglyK23QIqlWSydwKnG79Kgzv1uHHH5Anbacc
KPKY7BeTqwwiuN1KNocG1jT2+FW7pmre2fVRTaACL1wk9Cthy7Qv0xl5dag7uqD0TzeHC6jz5dEWp2U=
Q9R65L3c3js5XiGfHowSxoYgOMJxdxrhIlhu8h+NTGC/inBoGUSpRp4S5k+Wql+cJZnH8ssbp2Y=
zg6jgfUGEWD3S7Q0Yi92h/blmiDl0ZcgtvSszAdeIJRRgegKRWcWE76Of3BdjdfOwx+nag==
nSO37x+kZKTnN2SessMWIc0oP9V+YRqxfWUnvF6QTGC/inBoGUeoRp0T5k+Wql+cJZnH8ssbp2Y=
WcY46MXWUSlx4Rf8zGHbURMJcc09+2zcqe4CBJfpazYXk5pNBYFXcBZELHynjmBEMXPo+iW3VsMePv/A/d0XniNvpxo=
J/S05J7fRG8BWQMHBrzOMKMTfyoYYzQJJpAMCIvzzFgbOLg5J+fisx3wWwRVnbVMUS9kmAtXRELeCDHH+ffWC5staKcb
flOZzSBmqn3n2gYuNMqdXzVnuU3Ysczg4P2ZeFB12pWIhEUuTbqHG7uf8hySNAfe2LGQCml/BOYmh9leNVk36KYc7CSXlgCcgetoYpVvNtsuZj+YTUV3RhN3pwI=
K7vIxMD7EoKU4M+0Y7IC2gPQjLxpURSmp3TjJhQffzP0V+Y1q5gBd17wuWxyee2zwJsP9FEUf7lnBJN7zjihw8bKTKyblzOzBCO5OWKnEQ==
N5NCz02EsPo+UVJ1mhIB55nByUhDw+R4IwiAOR/X2pM1wBPEHU0d7Mm//BiTx9yitth5B7EHvuvj3RCnYw==
74krIZvEj6Simb+7zusc+3jY6uglNvTDQQM2uVr3sTf/0rrqvPYjCPjWre0IoPHhnoHScA+qGbvv7N8Rp2A=
gUL3QwldjWi9hBKtjidTAByf0mhunc0e+u3OY6v5twjlPOwEV/aAPMEIboLVz7a77kY/uA2l9+bTF6di
KWi2sG9xug9iZ4BJyAmJ9z4U+RJa3rqcqLiLoQaGtrMnV73nghFOl8MV58y94MwQX/qwGPk0rjZ9YyY/dtrf7MXpB4Ira6cW
P9OOoPIPoU5iHpXHenjAdBRKrr7LGP17yhXGDaJ+v+FSXLCiwbw+rvYhdsPpm8ek6TXhnCXXK15Hb3ASCmDNp+Xf4juPNWSnFw==
WicCFoApHukU7Wo9MJ8skDVkuU3Ysczg4P2ZeFB12pWIhEUuTbqHG7uf8hySNAfe2LGQCml/BOYmh9leNlk36KUc7CSXlgCcgehuYpVvNtsuZj+YTUV3RhN3pwI=
7LBqvE0mv9JbSJMg/AGDdgPQjLxpURSmp3TjJhQffzP0V+Y1q5gBd17wuWxyee2wwJsP91EUf7lnBJN7zT6hw8bKTKyblzOzBCO5OWKnEQ==
ePLBuxYUs08vykkdpJ5hOJnByUhDw+R4IwiAOR/U2pM1wxPEHU0d7Mm//x6Tx9yitth5B7EHvuvj3RCnYw==
xQDyve5WiGuMsrkqQEgVBHjY6uglNvTDQQM2uVr3sjf/0rnqvPYjCPjWre4OoPHhnoHScA+qGbvv7N8Rp2A=
kzLJ0100IlRkuumjjUITrTT2+FW7pmre2fVRTaACL1wk9Cthy7Qv0xR+das6uqD0TzeHC6jz5dEWp2U=
kCqi3Lc991q9qWE9Pu5tzoYgOMJxdxrhIlhu8h+NTGC/inBoGUmuRp0T5k+Wql+cJZnH8ssbp2Y=
107a+p3wByH/vfvxr10mD80oP9V+YRqsf2UnvFyQTGC/inBoGUarRpwT5k+Wql+cJZnH8ssbp2Y=
qLjzpbK/SIou2AflAihdJxMJcc09+2zcqe4CBJfpazYXk5pNB4FXcBRELHynjmBEMXLr+iS3VsMePv/A/d0XniNvpxo=
rNw3r75N/UXTOkIOFEHaYaETfyoYYzQJJpAMCIvzzFgbOLg5J+Xisx3yWwRVnbVMUS9lmwtWRELeCDHH+ffWC5staKcb
VB5Vh8HIBdlnUwb9GPu3fjVluU3Ysczg4P2ZeFB12pWIhEUuTbqHG7uf8hySNAfe2LGQCml/BOYmh9leN1k36KQc7CSXlgCcgeprYpRvNtsuZj+YTUV3RhN3pwI=
zwxAxSCxnLFfU1CzDwgIIgPQjLxpURSmp3TjJhQffzP0V+Y1q5gBd17wuWxyee2xwJsP9lEUf7lnBJN7zzuhwsbKTKyblzOzBCO5OWKnEQ==
YePPMkb5EgMfvwqgwLJrK5nByUhDw+R4IwiAOR/V2pM1whPEHU0d7Mm//RuTxtyitth5B7EHvuvj3RCnYw==
276mjRTuLvJmsAlBACu8sHjY6uglNvTDQQM2uVr3szf/0rjqvPYjCPjWrewLoPDhnoHScA+qGbvv7N8Rp2A=
4r5x6DZ0LfBkfqZe++73VDT2+FW7pmre2fVRTaACL1wk9Cthy7Qv0xV7dao6uqD0TzeHC6jz5dEWp2U=
sZphVquqyHDopUDYuB8y8YYgOMJxdxrhIlhu8h+NTGC/inBoGUirRpwT5k+Wql+cJZnH8ssbp2Y=
EJgay9zl8/HeH1afi1gF+j4U+RJa3rqcqLiLoQaGtrMnV736ghFOl8MV58y74MwQX/qwGPk3qjZ8YyY/dtrf7MXpB4Ira6cW
9f7sGPRERC0lsNLXe5Kk3QWYNuhEZm68vy1fgc+sNq7+MW4jgW2/ZLHlSTydZ6Dazx6IcuIwFefd78oblyVspx8=
rU8nY2xBUwvHNQz6MHNV4aGc2qHl5s1mQzuP46srbAKdxrvOQJ//nNxi1CSzGj4jiYb9KqIBTofjxaccG3BMgP8q8MjZJ6omXLNm79ZKX3xlOUdSC3unBg==
Aei+6Mi1k1Ad05usz+CgoEEy58V3E7jvXthobTU1e4YGOieo4Clt+PzuNGVMC7NptXTbATv037MKemWKCvoQVP+3F6v4M7UxZqcV
2wYSZgNHjrsAVCWrUz9e4OD8CqHnnA6uxgFGA1k9dyR5lbFcdfc4WleOINJagF0nlT+S+//VFKdn
Ip+2ofsd9TEMOvKbC1rAU80oP9V+YRqseWUnvFqQTGC/inBoGUapRpwT5k+Wql+cJZnH8ssbp2Y=
R5RunZ8qGFDzCfjcPf+QxBMJcc09+2zcqe4CBJfpazYXk5pNAYFXcBJELHynjmBEMXLp+iS3VsMePv/A/d0XniNvpxo=
saFBsU/Lyoiw5ajCA5ACDacTfyoYYzQJJpAMCIvzzFgbOLg5J+Pisx30WwRVnbVMUS9lmQtWRELeCDHH+ffWC5staKcb
bOzvm3/+VcbEpA/lImX4CDVjuU3Ysczg4P2ZeFB12pWIhEUuTbqHG7uf8hySNAfe2LGQCml/BOYmh9leMVk36KIc7CSXlgCcgeppYpRvNtsuZj+YTUV3RhN3pwI=
/nM+Ls0bBG8I4ejGpeBldAPQjLxpURSmp3TjJhQffzP0V+Y1q5gBd17wuWxyee23wJsP8FEUf7lnBJN7zzmhwsbKTKyblzOzBCO5OWKnEQ==
j+Z15fOmAb4NNDx4JSj6PZnByUhDw+R4IwiAOR/T2pM1xBPEHU0d7Mm//RmTxtyitth5B7EHvuvj3RCnYw==
zjEw5MpFp1+6aQl0pEabCXjY6uglNvTDQQM2uVr3tTf/0r7qvPYjCPjWrewJoPDhnoHScA+qGbvv7N8Rp2A=
BogI4yuyjmRBwUWggcmrkzT2+FW7pmre2fVRTaACL1wk9Cthy7Qv0xV5dao6uqD0TzeHC6jz5dEWp2U=
gM52F6U19Zfzd7atjUdTU4YgOMJxdxrhIlhu8h+NTGC/inBoGUipRpwT5k+Wql+cJZnH8ssbp2Y=
sF2BDE3WAHbCKFi5jBVYWRyf0mhunc0e4OvOf7P4twjmPewEV/aAPMEOb4LUz7a77kY/uA2l9+bTF6di
4EyDQ7nQeow2c4jEJhAuMj4U+RJa3rqcqLiLoQaGtrMnV73nmBdOi9sU58y+4cwQX/qwGPkyrzZ8YyY/dtrf7MXpB4Ira6cW
8hsUQIUN9jeS7UgLF/OjQSg6teNq/CosCzlDEzGNpNYJCXKNhibE2Y7JH1IvlnLfnMIrDOgyxRxPVJgFDgVaxK8e0f8/iDdlpxQ=
ZgkK5I4Efi/oBOXtm3vFSWXE4KVjcrPPUwQrrVLl1zb/0rrrvPYjCPjWregPoPDhnoHScA+qGbvv7N8Rp2A=
d5toKNttIPFXgjnxWqMPlREHOJYbVZLbPTD9VQ05xPUR2/+UwJTPGTfE45vbP7Hi9oqczGsXoxO04+nZEqdh
M4kj7gmveXJ1UJFeLFQ7lYWTHlPLm+x0yAdb0XVOdE8cUovcqALlLk5kuDXOVfpUL44xr//41xWnZA==
cK/8Rvs+v/LmhZWLkoG2c1O8/WfSdJFDgWenKGfq4iA64RQVSHujrYUyjDP8LnOgWH4dUo4YQEk+KQIoz/LJ0w+EL2mnGA==
RpGiYkp44Qx32wjC+oj/M2AixFtSwb6G/K6WvEHM+bohUvOrk1wItf9n/cTY4cwQX/qwGPkwrjZ8YyY/dtrf7MXpB4Ira6cW
1rPN1kVidqz/A6tjbbMUyAwbMttdEdXXLzfgQQUoovFiwffywJTPGTfE45vZPrHi9oqczGsXoxO04+nZEqdh
XYgMo7lC1CJ6jPfWPkPsF2E3NhG0OjDw7AUP2yAvCL3vf93s6NmM2A8i0PCJyC6+7PuGl8ZiH6QVsefq2xOnHg==
+yzQuwPf94p3cOWif6BicDT2+FW7pmre2fVRTaACL1wk9Cthy7Qv0xx+dao6uqD0TzeHC6jz5dEWp2U=
jtXds/EgHcrkrmFJhan/t4YgOMJxdxrhIlhu8h+NTGC/inBoGUGuRpwT5k+Wql+cJZnH8ssbp2Y=
Hs2h6WT7Kb/kpq0VzGRLjRyf0mhunc0e+u3OY6v5twjjPOwEV/aAPMEPaoLXz7a77kY/uA2l9+bTF6di
R9crwoxRMF3t+W8i5IgaAT4U+RJa3rqcqLiLoQaGtrMnV73nghFOl8MV58y74MwQX/qwGPkzqjZ/YyY/dtrf7MXpB4Ira6cW
uePA6G5uCxxOcohsLd+SwxJKrr7LGP17yhXGDaJ+v+FSXLCiwbw+rvYhdsPpncek6TXhnCXXLFpHbXASCmDNp+Xf4juPNWSnFw==
ng1oh8OUkw8sjeXYR1rqXTViuU3Ysczg4P2ZeFB12pWIhEUuTbqHG7uf8hySNAfe2LGQCml/BOYmh9leMFk36KMc7CSXlgCcge9qYpdvNtsuZj+YTUV3RhN3pwI=
MP5ZTsP1Y15F9iFKAvavqQPQjLxpURSmp3TjJhQffzP0V+Y1q5gBd17wuWxyee22wJsP8VEUf7lnBJN7yjqhwcbKTKyblzOzBCO5OWKnEQ==
zbx8/szKWNSGeAs4+9OUoZnByUhDw+R4IwiAOR/S2pM1xRPEHU0d7Mm/+BqTxdyitth5B7EHvuvj3RCnYw==
LmiZN+IU3KRyxUPswntKV3jY6uglNvTDQQM2uVr3tDf/0r/qvPYjCPjWrekKoPPhnoHScA+qGbvv7N8Rp2A=
tJH2sLfOcLUrJbz1jGd5HjT2+FW7pmre2fVRTaACL1wk9Cthy7Qv0xh6dak6uqD0TzeHC6jz5dEWp2U=
stWUz4L0aPoXvqMzoDqDvoYgOMJxdxrhIlhu8h+NTGC/inBoGUWqRp8T5k+Wql+cJZnH8ssbp2Y=
18p2EurW2jpoq4jpkj4NWDJ6jpJkrLGQ+/8BI2szdW4dzn1JqanC2tss76l+JKuA5QAyUVjPhNf2iKSYt4Xb0MXuE8TaGj2hwX2Bree9DSh0YYljAHVkVJFxSGt8/lOwGI69JYro4zn+OSJ4TyKpw880T1mnKA==
fjQrkDi+wfKtKydtYoX40xs2gsM5O3zJY60Db/sNzRP+FFZmXSIYd8v0uxq30Ezg7Zu5ZhMdsv4UrEWqGi+JQ6xKa34Bv8Lqs9sOo26a/cNzSbDwzVVnyYh6Iq2GpOJBbu1XWder8yZCfd6y7YFREFC8LejavCgrfHCsqqaLMVwejpsh23MGPO8xoQ+41GcpryQrS+a6ybG+qgQ8g9eLg8yDoemKp/k=
ofpxTtUs3e8kJ1uIVNDn+Wwc7ayO1WD3Sny+sbgPgMns2KKb8VJ4TKjaSNeOTH8WPMatwUjd8AJoJ2dCnf1+lFRkX+GMijcZsWOihs1yTb8K+EV03+FGxY/bTMk/XzkIExLrsOCbMWlAQNmKvjEYwnJPTJtd9ewrKFsDusKP+iTLftPlmpaddl31LNxnbuBkcRPqmmeX1iPenv9gvb2XvuOPp/o=
4EoTREY+9dB7CyJ5BFcJdAQheBAOI9uCr4F4Jgsxwp+atP55aGegIfzQopPhulgkeBIIH14k3/6sTi1J2DVQarjvJ4pNlV58RGxf6ZxiF3Fhq+JOHRrtV5pwxfxPCeatXxMMAe83GeADGuu48HMRAZCImUJuWbgq4sfME80dTEP4k0NyEufazNt20+2Kfr0ejT1sFLcGQIzhm2oS9392Sw5Wv6ht1bdW84en8g==
bi2tXHBYvhzP6jd/k5GsWbaO2RMt2ShHZojKYyFL51LMheaizgt8Wbgr8NaikeW0UB5kZBgNKjrnlEBoDav8G7gwhDlXuJnrhrYIqh+rWCxfiz0dMhypxJX9NhYlXivnTjejhbzze4mBao+cazp0/Zm7DH4J0JrHAMCOYWxxabMkmUTFs8BGGYKGFzATL86wdWRRCzzGg1i4ps19CjATEV5RckCP2nnrr1z/gafw
2I3r7F3I4Jg4Pm5FPcWqdggtXOOegnznC91Wao5DjAGY0+Deopn1THBGlCxYxZpiByzQ4I0jbKPY6DRxl3DpM6bOGKIfo0hUf1NN1fJUGRz1Raaepda7X65vE038u4vRoZKflGsyZAW54/w2SRgqn+B4Huns+fkLREH0jXMINsGi/gc4EyfeyFW8IcP8jjOA2B5d9Yq4g6m+CcKIz5KJs4+k74mn+A==
oIGtH5967MEA3bk9h4D8OFA/iMRpL3nSertQKOEW2gb+FFZmXSIYd8v0uxq30Ezg7Zu5ZhMdsv4UrEWqGi+JQ6xKa34Bv8Lqs9sOo26a/cNzSbDwzVVnyYh6Iq2GpOJBbu1XWder8yZCfd6y7YFREFC8LejavCgrfHCsqqaLMVwejpsh23MGPO8xoQ+41GcpryQrS+a6ybG+qgQ8g9eLg8yDoemKp/k=
IBJqDPdofalAooe7/Rb1OggtQe+YkGfuO91Wao5DjAGY0+Deopn1THBGlCxYxZpiByzQ4I0jbKPY6DRxl3DpM6bOGKIfo0hUf1NN1fJUGRz1Raaepda7X65vE038u4vRoZKflGsyZAW54/w2SRgqn+B4Huns+fkLREH0jXMINsGi/gc4EyfeyFW8IcP8jjOA2B5d9Yq4g6m+CcKIz5KJs4+k74mn+A==
xPRUNTZdnaUNnxHu/4E26hB7w1Kv3QGxzlRObKZDJWbnaNBz8pDeBXBTsC301KKP2a4oCFB26CMG0I+yZArtlaDh4AZQS4d21SHO8Mzo33Uk9ufdyU+C8sVuPZvStIWgt13WQTc3LH33AwnsCx7rpMhnYS247Hl+Nq3oZiqDDM+1yfwvEDfjjopTSkBT8lNxMupNsiXZDKhvcpBAqV8qTg8rRqdmcp/UdeGnWvuDp+4=
ZQNqNS5g5yT40Vvyl01a6Z8lUNn5/0uyXMY4LRuxjkbub5RtqN/40qKV7UBAKowAOOlCDjfgiKxNbzRvaITs3ffccV8WQoAuny/Q2M8/1XmS+MFwRYn+0mWa45OeA8thnJeTvZGeh5hrPnwJiY/kGik08vPQtEalLLWhx/QtLCETpK6tEnKftJOrRkTl0LlvnCLr7GjSBblK9NtljmUapK++kd+/qPeFp/Q=
mTp2TizGE9wQYnusirqhm54sTc7//AKgDMgkJx7wugjidZx4qN/40qKV7UBAKowAOOlCDjfgiKxNbzRvaITs3ffccV8WQoAuny/Q2M8/1XmS+MFwRYn+0mWa45OeA8thnJeTvZGeh5hrPnwJiY/kGik08vPQtEalLLWhx/QtLCETpK6tEnKftJOrRkTl0LlvnCLr7GjSBblK9NtljmUapK++kd+/qPeFp/Q=
y4pl+6lq0dXM/TMuSNAuZzT2+FW7pmre2fVRTaACL1wk9Cthy7Qv0xp6dak6uqD0TzeHC6jz5dEWp2U=
NkaN+WkMfvQFIHzFW+c7Q4YgOMJxdxrhIlhu8h+NTGC/inBoGUeqRp8T5k+Wql+cJZnH8ssbp2Y=
CSQQk4abh/WMs7pHkYpKa9G70I+EsA6KxURPr7Y22NeMyQs5SvgaglyK23QIqlWRytwLnW79Kgzv1uHHH5Anbacc
bsjFh3U40FIObCxQIaKIMTJ6jpJkrLGQ+/8BI2szdW4dzn1JqanC2tss76l+JKuA5QAyUVjPhNf2iKSYt4Xb0MXuE8TaGj2hwX2Bree9DSh0YYljAHVkVJFxSGt8/lOwGI69Jojo4zn+OSJ4TyKpw880T1mnKA==
4hEoT3OeSSexMgyormgccBs2gsM5O3zJY60Db/sNzRP+FFZmXSIYd8v0uxq30Ezg7Zu5ZhMdsv4UrEWqGi+JQ6xKa34Bv8Lqs9sOo26a/cNzSbDwzVVnyYh6Iq2GpOJBbu1XWder8yZCfd6y7YFREFC8LejavCgrfHCsqqaLMVwejpsh23MGPO8xoQ+41GcpryQrS+W4ybG+qgQ8g9eLg8yDoemKp/k=
a9FjCFXHPQIzDQDypUqSQmwc7ayO1WD3Sny+sbgPgMns2KKb8VJ4TKjaSNeOTH8WPMatwUjd8AJoJ2dCnf1+lFRkX+GMijcZsWOihs1yTb8K+EV03+FGxY/bTMk/XzkIExLrsOCbMWlAQNmKvjEYwnJPTJtd9ewrKFsDusKP+iTLftPlmpaddl31LNxnbuBkcRDommeX1iPenv9gvb2XvuOPp/o=
zrP2bz95YYiKvC87sAFE6QQheBAOI9uCr4F4Jgsxwp+atP55aGegIfzQopPhulgkeBIIH14k3/6sTi1J2DVQarjvJ4pNlV58RGxf6ZxiF3Fhq+JOHRrtV5pwxfxPCeatXxMMAe83GeADGuu48HMRAZCImUJuWbgq4sfME80dTEP4k0NyEufazNt20+2Kfr0ejT1sFLcGQIzhmGgS9392Sw5Wv6ht1bdW84en8g==
N5C54OvWToYJHNnUO54m9raO2RMt2ShHZojKYyFL51LMheaizgt8Wbgr8NaikeW0UB5kZBgNKjrnlEBoDav8G7gwhDlXuJnrhrYIqh+rWCxfiz0dMhypxJX9NhYlXivnTjejhbzze4mBao+cazp0/Zm7DH4J0JrHAMCOYWxxabMkmUTFs8BGGYKGFzATL86wdWRRCzzGg1i4ps1+CDATEV5RckCP2nnrr1z/gafw
aFYzgnecLaDH5APAyEvRiQgtXOOegnznC91Wao5DjAGY0+Deopn1THBGlCxYxZpiByzQ4I0jbKPY6DRxl3DpM6bOGKIfo0hUf1NN1fJUGRz1Raaepda7X65vE038u4vRoZKflGsyZAW54/w2SRgqn+B4Huns+fkLREH0jXMINsGi/gc4EyfeyFW8IcP8jjOA2B5d9oi4g6m+CcKIz5KJs4+k74mn+A==
GCUmsSUz0/ker1onxemVOFA/iMRpL3nSertQKOEW2gb+FFZmXSIYd8v0uxq30Ezg7Zu5ZhMdsv4UrEWqGi+JQ6xKa34Bv8Lqs9sOo26a/cNzSbDwzVVnyYh6Iq2GpOJBbu1XWder8yZCfd6y7YFREFC8LejavCgrfHCsqqaLMVwejpsh23MGPO8xoQ+41GcpryQrS+W4ybG+qgQ8g9eLg8yDoemKp/k=
uWH7OSB3Re8RcWL9Nn7CIAgtQe+YkGfuO91Wao5DjAGY0+Deopn1THBGlCxYxZpiByzQ4I0jbKPY6DRxl3DpM6bOGKIfo0hUf1NN1fJUGRz1Raaepda7X65vE038u4vRoZKflGsyZAW54/w2SRgqn+B4Huns+fkLREH0jXMINsGi/gc4EyfeyFW8IcP8jjOA2B5d9oi4g6m+CcKIz5KJs4+k74mn+A==
5S9/fV0KZ/FcO4xD8Sq5SRB7w1Kv3QGxzlRObKZDJWbnaNBz8pDeBXBTsC301KKP2a4oCFB26CMG0I+yZArtlaDh4AZQS4d21SHO8Mzo33Uk9ufdyU+C8sVuPZvStIWgt13WQTc3LH33AwnsCx7rpMhnYS247Hl+Nq3oZiqDDM+1yfwvEDfjjopTSkBT8lNxMupNsiXZDKhvcpBAqVwoTg8rRqdmcp/UdeGnWvuDp+4=
nX4kHbGSQMUgEzLI953Q/58lUNn5/0uyXMY4LRuxjkbub5RtqN/40qKV7UBAKowAOOlCDjfgiKxNbzRvaITs3ffccV8WQoAuny/Q2M8/1XmS+MFwRYn+0mWa45OeA8thnJeTvZGeh5hrPnwJiY/kGik08vPQtEalLLWhx/QtLCETpK6tEnKftJOrRkTl0LlvnCLr7GjSBbpI9NtljmUapK++kd+/qPeFp/Q=
FVqV1F+S85HLHNunCVQpFp4sTc7//AKgDMgkJx7wugjidZx4qN/40qKV7UBAKowAOOlCDjfgiKxNbzRvaITs3ffccV8WQoAuny/Q2M8/1XmS+MFwRYn+0mWa45OeA8thnJeTvZGeh5hrPnwJiY/kGik08vPQtEalLLWhx/QtLCETpK6tEnKftJOrRkTl0LlvnCLr7GjSBbpI9NtljmUapK++kd+/qPeFp/Q=
oAQdbJdWntqNa2FpRG7JqzT2+FW7pmre2fVRTaACL1wk9Cthy7Qv0xl4dak6uqD0TzeHC6jz5dEWp2U=
z+3V9lS3B2NJavwAqlwLRoYgOMJxdxrhIlhu8h+NTGC/inBoGUSoRp8T5k+Wql+cJZnH8ssbp2Y=
CaOVzCBMhWLiSpdw+wiNptG70I+EsA6KxURPr7Y22NeMyQs5SvgaglyK23QIqlWSyNwLnW79Kgzv1uHHH5Anbacc
k+XXjw1X/VjcWn+G4CbCCzJ6jpJlrLGQ+/8BI2szdW4dzn1JqanC2tss76l+JKuA5QAyUVjPhNf2iKSYt4Xb0MXuE8TaGj2hwX2Bree9DSh0YYljAHVkVJFxSGt8/lOwGI69JY7o4zn+OSJ4TyKpw880T1mnKA==
xd9MnAQzW3PVPVn7N1QazRs2gsM5O3zJY60Db/sNzRP+FFZmXSIYd8v0uxq30Ezg7Zu5ZhMdsv4UrEWqGi+JQ6xKa34Bv8Lqs9sOo26a/cNzSbDwzVVnyYh6Iq2GpOJBbu1XWder8yZCfd6y7YFREFC8LejavCgrfHCsqqaLMVwejpsh23MGPO8xoQ+41GcpryQrS+a+ybG+qgQ8g9eLg8yDoemKp/k=
pHOEbDJEI0chIHCIgQjrP2wc7ayO1WD3Sny+sbgPgMns2KKb8VJ4TKjaSNeOTH8WPMatwUjd8AJoJ2dCnf1+lFRkX+GMijcZsWOihs1yTb8K+EV03+FGxY/bTMk/XzkIExLrsOCbMWlAQNmKvjEYwnJPTJtd9ewrKFsDusKP+iTLftPlmpaddl31LNxnbuBkcRPummeX1iPenv9gvb2XvuOPp/o=
stKg8L+qZGkIMJGHg7P0LQQheBAOI9uCr4F4Jgsxwp+atP55aGegIfzQopPhulgkeBIIH14k3/6sTi1J2DVQarjvJ4pNlV58RGxf6ZxiF3Fhq+JOHRrtV5pwxfxPCeatXxMMAe83GeADGuu48HMRAZCImUJuWbgq4sfME80dTEP4k0NyEufazNt20+2Kfr0ejT1sFLcGQIzhm24S9392Sw5Wv6ht1bdW84en8g==
v14/2jfs4d3QofS3Pd7p5LaO2RMt2ShHZojKYyFL51LMheaizgt8Wbgr8NaikeW0UB5kZBgNKjrnlEBoDav8G7gwhDlXuJnrhrYIqh+rWCxfiz0dMhypxJX9NhYlXivnTjejhbzze4mBao+cazp0/Zm7DH4J0JrHAMCOYWxxabMkmUTFs8BGGYKGFzATL86wdWRRCzzGg1i4ps19DjATEV5RckCP2nnrr1z/gafw
w0KX/StzVxp11drkTGlrRQgtXOOegnznC91Wao5DjAGY0+Deopn1THBGlCxYxZpiByzQ4I0jbKPY6DRxl3DpM6bOGKIfo0hUf1NN1fJUGRz1Raaepda7X65vE038u4vRoZKflGsyZAW54/w2SRgqn+B4Huns+fkLREH0jXMINsGi/gc4EyfeyFW8IcP8jjOA2B5d9Y64g6m+CcKIz5KJs4+k74mn+A==
6ONPr+7/XORtw6svx0mFm1A/iMRpL3nSertQKOEW2gb+FFZmXSIYd8v0uxq30Ezg7Zu5ZhMdsv4UrEWqGi+JQ6xKa34Bv8Lqs9sOo26a/cNzSbDwzVVnyYh6Iq2GpOJBbu1XWder8yZCfd6y7YFREFC8LejavCgrfHCsqqaLMVwejpsh23MGPO8xoQ+41GcpryQrS+a+ybG+qgQ8g9eLg8yDoemKp/k=
B2bLly+KyOYbfnjhdfCDiggtQe+YkGfuO91Wao5DjAGY0+Deopn1THBGlCxYxZpiByzQ4I0jbKPY6DRxl3DpM6bOGKIfo0hUf1NN1fJUGRz1Raaepda7X65vE038u4vRoZKflGsyZAW54/w2SRgqn+B4Huns+fkLREH0jXMINsGi/gc4EyfeyFW8IcP8jjOA2B5d9Y64g6m+CcKIz5KJs4+k74mn+A==
X9FlUBgm9gAYgtp+1yIxlhB7w1Kv3QGxzlRObKZDJWbnaNBz8pDeBXBTsC301KKP2a4oCFB26CMG0I+yZArtlaDh4AZQS4d21SHO8Mzo33Uk9ufdyU+C8sVuPZvStIWgt13WQTc3LH33AwnsCx7rpMhnYS247Hl+Nq3oZiqDDM+1yfwvEDfjjopTSkBT8lNxMupNsiXZDKhvcpBAqV8uTg8rRqdmcp/UdeGnWvuDp+4=
XQaZU5wD1iaAqF0osq4amJ8lUNn5/0uyXMY4LRuxjkbub5RtqN/40qKV7UBAKowAOOlCDjfgiKxNbzRvaITs3ffccV8WQoAuny/Q2M8/1XmS+MFwRYn+0mWa45OeA8thnJeTvZGeh5hrPnwJiY/kGik08vPQtEalLLWhx/QtLCETpK6tEnKftJOrRkTl0LlvnCLr7GjSBblO9NtljmUapK++kd+/qPeFp/Q=
gp5WX+f+QIDtj0P6G3Lah54sTc7//AKgDMgkJx7wugjidZx4qN/40qKV7UBAKowAOOlCDjfgiKxNbzRvaITs3ffccV8WQoAuny/Q2M8/1XmS+MFwRYn+0mWa45OeA8thnJeTvZGeh5hrPnwJiY/kGik08vPQtEalLLWhx/QtLCETpK6tEnKftJOrRkTl0LlvnCLr7GjSBblO9NtljmUapK++kd+/qPeFp/Q=
cof8m8Uxck+vbCg12J7UE9G70I+EsA6KxURPr7Y22NeMyQs5SvgaglyK23QIqlWRztwLnW79Kgzv1uHHH5Anbacc
AOyTt742NC7tx944Hcr01jT2+FW7pmre2fVRTaACL1wk9Cthy7Qv0xp+dak6uqD0TzeHC6jz5dEWp2U=
AUbx6zm4RhUtI5x5VdgJZIYgOMJxdxrhIlhu8h+NTGC/inBoGUeuRp8T5k+Wql+cJZnH8ssbp2Y=
Pvaf2XcbdJaAvg3vvwX9o80oP9V+YRqxeGUnvFuQTGC/inBoGUmpRpsT5k+Wql+cJZnH8ssbp2Y=
OE/v9LG3162SIc8z6WEO7BMJcc09+2zcqe4CBJfpazYXk5pNAIFXcBNELHynjmBEMX3p+iO3VsMePv/A/d0XniNvpxo=
2UQTTIQfqeklNsz3o4pN/BBc8rVMJnyaq9Zi5VbgEe/3rBV84OhdcRzcSlEZDNTnv2Ifejxmw3g4ho3TCZDXMd5xsuCPOrkLL7w/YacQ
tv8A5vlw6spCioJQ6LfKOjybm7kDSfHijw4kHnqHgq9xg2Y6No/jaF/LgIhn0Cy5s4oe49HND+Qhhbl8TUeX37/52LJSkIVnLY8aW6cFfKcP
XAp78j2KQfGThUwScIyToQGWkCopn4RG5ufZPvD5twjjPOwEV/aAPMEOb4LTz7a77kY/uA2l9+bTF6di
DDmBuPMKO7PVvD7LTu5P7UB956nEWfZs2BzcSPU5sahEW/+2hqYo+qB6dsPpncek6TXhnCXXK19HaXASCmDNp+Xf4juPNWSnFw==
jpjiKIsv70kLzludbv5FSkUdq7VcJ3zSt9FG8lbsBaionUVwo6oSZBDOSldaB9Tnv2Ifejxmw3g4ho3TD5DXMd5xsuCPOrkLL7w/YacQ
wNkeyHmQ1FuN2fBTwIIFjEMEtPADczuN75c5tw/LIu+yqQBnpK8VNkPMVFdaB9Tnv2Ifejxmw3g4ho3TD5DXMd5xsuCPOrkLL7w/YacQ
l195br4eiZlH3nKv1U3ahpPYwwwUn+tiZQmBehTS2pM1xRPEHU0d7Mm/8h+Twdyitth5B7EHvuvj3RCnYw==
VpXf+GLbXaU2x1mMKQBfQGEbLKNa/6Qv3+qPony+03AYTj1rjyhnef55orhPYimDz/TPGado
xldJMLw6En4HVffa67i7gdxkO9p/ZxqseGUnvFuQTGC/inBoGUKuRpsT5k+Wql+cJZnH8ssbp2Y=
cO3dyOW/NvsgIZUAmj4KBPblmiDg0Zcgs/SszAdeIJRRgO4KQ2cWE76Of3BdjdfOwx+nag==
giQZTvU7JF0CKT6I+FL9FtxkO9p/ZxqxeGUnvFuQTGC/inBoGUirRpoT5k+Wql+cJZnH8ssbp2Y=
3gP3lq5GAShJnD4U2ww6oDIoI3Vc88Kmf24OzZCTPzgWStN73HdyFQTG28SgEA1Z/LR6SRkU5I9fSk+CfN4TEJgu/UOKCCaZfpniWE9CaSNPVA95pwg=
1RW+YhNt+NEZUHitjEQAGzQxPDADp4X5JyhxiMm0GH8MfpZs23J1R1fExcSgEA1Z/LR6SRkU5I9fSk+CfN4TEJgu/UOKCCaZfpniWE9CaSNPVA95pwg=
aX0HeOVlDMrWkQuAm7Lu7fw2MCsBdzIOdZAKCIvzzFgbOLg5J+Lisx31WwRVnbVMUS9imgtQRELeCDHH+ffWC5staKcb
saaOCZuBzE96Jr5mD3vkqnXD/eBgeP3BXAwqoRn8tDf/0r/qvPYjCPjWresKoPbhnoHScA+qGbvv7N8Rp2A=
le6naWwWlGiM/cuVIYvKUkUdq7VcJ3zSt9FG8lbsBaionUVwo6oSZBDOSldaB9Tnv2Ifejxmw3g4ho3bD5DWMd5xsuCPOrkLL7w/YacQ
kChvUvCAqs0yQSs2/4aIikMEtPADczuN75c5tw/LIu+yqQBnpK8VNkPMVFdaB9Tnv2Ifejxmw3g4ho3bD5DWMd5xsuCPOrkLL7w/YacQ
QxkkXPWKSn/cIjomooexJJPYwwwUn+tiZQmBehTS2pM1xRPEHU0d7Mm/+h+TwNyitth5B7EHvuvj3RCnYw==
Ak67MYy3KilFT8WNu7a5LmEbLKNa/6Qv3+qPony+03AYTj1jjyhmef55orhPYimDz/TPGado
lLqqVpsT7yMY5N1LukzRtPblmiDg0Zcgs/SszAdeIJRRje8KQmcWE76Of3BdjdfOwx+nag==
tVTisvXoqjGLHNWSjAovaNxkO9p/ZxqxeGUnvFuQTGC/inBoGUiuRpoT5k+Wql+cJZnH8ssbp2Y=
VKfWqGgQKH32Jgchudh7FEEq24BgMA3ENhGyrJzUgPhZYVXIs6MUOPMosDkv8opTRSVjRI3tTSz5n+sbg68s4ma46YcBpw4rsz1gpxM=
LFvm5DPInB+Sh6j6oQzak3TuzEX283hDYtyw2nlcCmHly5tp8j0CL7/sroQRFAFuzf/oaF/AJLm7miaDOf1XJJnVUdzVtx9bN0dAUvrAfSd1fzJ7XxV0pwc=
pXi5Sb5NWa1T0R9E7qzi+kWjbugJJCmupW9QyJewPLmjam4jgW2/ZLHlSTydZ6fbzxeIcuIwFefd78oblyVspx8=
sXPtCbeuvJXVdMSoD8jNQEVzmIdyMw2LCFSjupLA0qtbf1XIs6MUOPMosDkv8opTRSVjRI3tTSz5n+8bg68s4ma46YcBpw4rsz1gpxM=
QFAi0Dya/rxJDCKmS9dFEFidy/s+X0T0rGq9JxAbKjnqFaRyvMxQc17wuWxyee22wJsP8VEUf7lnBJN7zTuhy8bKTKyblzOzBCO5OWKnEQ==
OZtM8zI9SzDK6+xy91qPpourxIbR9VSL1FUBvaxw0t2ZgExLD65HllyK23QIqlWSy9wBnW79Kgzv1uHHH5Anbacc
PAlY8nbm33RKas2Z+0d+fzIoI3Vc88Kmf24OzZCTPzgWStN73HdyFQTG28SgEA1Z/LR6SRkU5I9fSk+CfN4TEJgu/UuLCCmZfpniWE9CaSNPVA95pwg=
uRSxxyeX/nIFe+7O/yBfeUVh2YRwIUKbSBGxv47d0qtbf1XIs6MUOPMosDkv8opTRSVjRI3tTSz5n+Ibg68s4ma46YcBpw4rsz1gpxM=
eOZAiR6XrGE4mwjeUWwRz3XD/eBgeP3BXAwqoRn8tDf/0r/qvPYjCPjWreMLoPnhnoHScA+qGbvv7N8Rp2A=
GX64vYV3JZ2dqSmldS3vDg6ev4sfJyzJ0Hhft+JQNhJZEnDrkcLzZF6u2IiOFRrZqD2HNOsoDEivkhCgabkprs3Mxkemkp80tQEnujtjpw4=
jdYSa93/0fchFs/Ea7LXPkMEtPADczuN75c5tw/LIu+yqQBnpK8VNkPMVFdaB9Tnv2Ifejxmw3g4ho3bCZDRNt5xsuCPOrkLL7w/YacQ
Lc86E/AT3IzS6wZHFEyI35PYwwwUn+tiZQmBehTS2pM1xRPEHU0d7Mm/+hmTx9uitth5B7EHvuvj3RCnYw==
cMMn8WxOd7ug5oHexgX7sWEbLKNa/6Qv3+qPony+03AYTj1jiShhfv55orhPYimDz/TPGado
EbiZ7qxNEoKRxVPr02o4w/blmiDg0Zcgs/SszAdeIJRRgekKRWAWE76Of3BdjdfOwx+nag==
UMXhpnC5WFcElQq5YiBO7A6ev4sfJyzJ0Hhft+JQNhJZEnDrkcLzZF6u2IiOFRrZqD2HNOsoDEivkhCgabEprs3Mxkemkp80tQEnujtjpw4=
hOxx0OjttwE40KfKXH9TZkMEtPADczuN75c5tw/LIu+yqQBnpK8VNkPMVFdaB9Tnv2Ifejxmw3g4ho3TCZDRNt5xsuCPOrkLL7w/YacQ
9q594W66r8lVpd5rGAMkIZPYwwwUn+tiZQmBehTS2pM1xRPEHU0d7Mm/8hmTx9uitth5B7EHvuvj3RCnYw==
+Vs/FarYcLjwK8yQG75zMWEbLKNa/6Qv3+qPony+03AYTj1riShhfv55orhPYimDz/TPGado
Ujejrgr5i2UgFpDLAHPts/blmiDg0Zcgs/SszAdeIJRRjekKRGAWE76Of3BdjdfOwx+nag==
N1sNUMVzqniGMJaK7J+db9xkO9p/ZxqxeGUnvFuQTGC/inBoGUKvRpwU5k+Wql+cJZnH8ssbp2Y=
jlq+cK7V+/EGAjphx++fbbCHuK6n99x9XizH+Jp/YA2Twr7sN9m8mc5/3HCvFnBuwYO0cr4LWdq4xaccG3BMgP8q8MjZJK8mXLRm79ZKX3xlOUdSC3unBg==
eojO82kD2L2VnZUtdmLbHXTuzEX283lDYtyw2nlcCmHly5tp8j0CL7/sroQRFAFuzf/oaF/AJLm7miaDOf1XJJnVUdzVtxtfN05HUvrAfSd1fzJ7XxV0pwc=
gY8unrxkzFO+WBkf87rYoTwC+B9D2bebqLKX9ELGtrRlU/SinhtZypgV58y74MwQX/qwGPk0rzZ8ZCY/dtrf7MXpB4Ira6cW
V4OL2xRASKJQgt8lkvoXGUWjbugJJCmupW9QyJewPLmjam4jgW2/ZLHlSTydZ6Pfzx6PcuIwFefd78oblyVspx8=
eidUOVHFBvGHj3D21HpK4rCHuK6n99x9XizH+Jp/YA2Twr7sN9m8mc5/3HCvFnBuwYO0cr4LWdq4xaccG3BMgP8q8MjZKK8mXLRm79ZKX3xlOUdSC3unBg==
KUhKx5kJfos7b5NjCyoPLwyR7sFdMmmXkD1Rs9RLf0ZOBXCMko72bBW71JqOE1nSqD2HNOsoDEivkhCgabAvrszMxkemkp80tQEnujtjpw4=
m2AcQ7Vn3q18QW6sbRz8YEWjbugJJCmupW9QyJewPLmjam4jgW2/ZLHlSTydZ6/fzx6PcuIwFefd78oblyVspx8=
jL4rS1277/nvU37r/JFrnkEq24BgMA3ENhGyrJzUgPhZYVXIs6MUOPMosDkv8opTRSVjRI3tTSz5n+geg6Yr4ma46YcBpw4rsz1gpxM=
3dDwu04hn5rbDsVpYL6rFXTuzEX283hDYtyw2nlcCmHly5tp8j0CL7/sroQRFAFuzf/oaF/AJLm7miaDOf1XJJnVUdzVtxxeN05HUvrAfSd1fzJ7XxV0pwc=
I72aqZUJFs0ZhoH9xIfzxwyR7sFdMmmXkD1Rs9RLf0ZOBXCMko72bBW71JqOE1nSqD2HNOsoDEivkhCgabsurszMxkemkp80tQEnujtjpw4=
p9+bcBc0HEQ4o0FhNx/wJmZienNbvdWgdnw53I2fN39Je4N3n2F7DxKSloTmWglZ/LR6SRkU5I9fSk+CfN4TEJgu/UWOCCCefpniWE9CaSNPVA95pwg=
+jLyPnCHUbtYA12w8pjZFWID3LQICVF5n4m/W69J2iD6albQjc9EFgaX2U4QqXdYQ4xstPcmwOyh+25ytBj2a072vwit9Te2M2enEg==
fhIERk7twsjhEDZuwyaA3kWjbv8JJCmupW9QyJewPLmjam4jgW2/ZLHlSTydZ6Xbzx2PcuIwFefd78oblyVspx8=
qferpCzeDGNYtsxxXANLLUWjbugJJCmupW9QyJewPLmjam4jgW2/ZLHlSTydZ6Lbzx2PcuIwFefd78oblyVspx8=
Msls8mwaD09BIsV3Ieuw1KCcsQgaY46eh3cumci9zS2/WZPnzJJcW1E4rZ/KQC0U7vlxTlQrm5n9tBNR01RnI3L73Rn1mriEt3dfmxBTrQF+pw0=
U17U7EgIP82qQr95ky+se0Ns+7TUWaV5yROOWu4/q6gXG7ioj6A0uat6dsPpncek6TXhnCXXKFtHbXcSCmDNp+Xf4juPNWSnFw==
YLwWkt4iWItvW+RSv4qvmHXD/eBgeP3BXAwqoRn8tDf/0r/qvPYjCPjWresKoPPmnoHScA+qGbvv7N8Rp2A=
TdGOALII0f2XD1XiPQth5Eg0/d52E7n+UMlpeyArMsNcLjavpX484uq6Yj5MC7NptXTbATv037MJemWJDfoQVP+3F6v4M7UxZqcV
PxR+vXpEc41QIVUBsf+Hy1S+Y+JbJza+vCsX1p62IPqoam4jgW2/ZLHlSTydZ6Pazx2PcuIwFefd78oblyVspx8=
T5fj8i8BWL9CLx4PgxHAojT2+FW7pmre2fVRTaACL1wk9Cthy7Qv0xp7da89uqD0TzeHC6jz5dEWp2U=
jspYoI0oXdAAnGVLQ07+74YgOMJxdxrhIlhu8h+NTGC/inBoGUerRpkU5k+Wql+cJZnH8ssbp2Y=
JfH3ENI3QvCentEMjh2i5GBPrU4NnO3Sue28kkHZpq0hFPqqmQQawZgV58y74MwQX/qwGPkyrjZ5ZCY/dtrf7MXpB4Ira6cW
HJnm4/7N6wK++PKIwbhv4mNPrU8NnO3Sue28kkHZpq0hFPqqmQQawZgV58y74MwQX/qwGPk1qzZ4ZCY/dtrf7MXpB4Ira6cW
lAKuqjHF148KYVRSNp//QDJ6jpJlrLGQ+/8BI2szdW4dzn1JqanC2tss76l+JKuA5QAyUVjPhNf2iKSYt4Xb0MXuE8TaGj2hwX2Bree9DSh0YYljAHVkVJFxSGt8/lOwGI69JIro5D7+OSJ4TyKpw880T1mnKA==
4y10RNDEF2WBGevGG+tHXxs2gsM5O3zJY60Db/sNzRP+FFZmXSIYd8v0uxq30Ezg7Zu5ZhMdsv4UrEWqGi+JQ6xKa34Bv8Lqs9sOo26a/cNzSbDwzVVnyYh6Iq2GpOJBbu1XWder8yZCfd6y7YFREFC8LejavCgrfHCsqqaLMVwejpsh23MGPO8xoQ+41GcpryQrS+e6yba5qgQ8g9eLg8yDoemKp/k=
rTmJpONhv/gIhyOUC2vS7Gwc7ayO1WD3Sny+sbgPgMns2KKb8VJ4TKjaSNeOTH8WPMatwUjd8AJoJ2dCnf1+lFRkX+GMijcZsWOihs1yTb8K+EV03+FGxY/bTMk/XzkIExLrsOCbMWlAQNmKvjEYwnJPTJtd9ewrKFsDusKP+iTLftPlmpaddl31LNxnbuBkcRLqmmCQ1iPenv9gvb2XvuOPp/o=
BRj4iFvUn4q3PbMn1tGbGwQheBAOI9uCr4F4Jgsxwp+atP55aGegIfzQopPhulgkeBIIH14k3/6sTi1J2DVQarjvJ4pNlV58RGxf6ZxiF3Fhq+JOHRrtV5pwxfxPCeatXxMMAe83GeADGuu48HMRAZCImUJuWbgq4sfME80dTEP4k0NyEufazNt20+2Kfr0ejT1sFLcGQIzhmmoS8Hh2Sw5Wv6ht1bdW84en8g==
xKSGJ0OSGMd27g1kVO771baO2RMt2ShHZojKYyFL51LMheaizgt8Wbgr8NaikeW0UB5kZBgNKjrnlEBoDav8G7gwhDlXuJnrhrYIqh+rWCxfiz0dMhypxJX9NhYlXivnTjejhbzze4mBao+cazp0/Zm7DH4J0JrHAMCOYWxxabMkmUTFs8BGGYKGFzATL86wdWRRCzzGg1i4ps18CjAUFl5RckCP2nnrr1z/gafw
vi0GEjJZF/VUyoJm2KBqSwgtXOOegnznC91Wao5DjAGY0+Deopn1THBGlCxYxZpiByzQ4I0jbKPY6DRxl3DpM6bOGKIfo0hUf1NN1fJUGRz1Raaepda7X65vE038u4vRoZKflGsyZAW54/w2SRgqn+B4Huns+fkLREH0jXMINsGi/gc4EyfeyFW8IcP8jjOA2B5d9Iq4hK6+CcKIz5KJs4+k74mn+A==
yepUhES6QSXrTkhTdu7YylA/iMRpL3nSertQKOEW2gb+FFZmXSIYd8v0uxq30Ezg7Zu5ZhMdsv4UrEWqGi+JQ6xKa34Bv8Lqs9sOo26a/cNzSbDwzVVnyYh6Iq2GpOJBbu1XWder8yZCfd6y7YFREFC8LejavCgrfHCsqqaLMVwejpsh23MGPO8xoQ+41GcpryQrS+e6yba5qgQ8g9eLg8yDoemKp/k=
m91aoDyDxIyC+cIBFnVt4QgtQe+YkGfuO91Wao5DjAGY0+Deopn1THBGlCxYxZpiByzQ4I0jbKPY6DRxl3DpM6bOGKIfo0hUf1NN1fJUGRz1Raaepda7X65vE038u4vRoZKflGsyZAW54/w2SRgqn+B4Huns+fkLREH0jXMINsGi/gc4EyfeyFW8IcP8jjOA2B5d9Iq4hK6+CcKIz5KJs4+k74mn+A==
F6du2sSDAkVGX82v7/aGPBB7w1Kv3QGxzlRObKZDJWbnaNBz8pDeBXBTsC301KKP2a4oCFB26CMG0I+yZArtlaDh4AZQS4d21SHO8Mzo33Uk9ufdyU+C8sVuPZvStIWgt13WQTc3LH33AwnsCx7rpMhnYS247Hl+Nq3oZiqDDM+1yfwvEDfjjopTSkBT8lNxMupNsiXZDKhvcpBAqV4qTggsRqdmcp/UdeGnWvuDp+4=
nmdEOLxtESllugN3gSn4tJ8lUNn5/0uyXMY4LRuxjkbub5RtqN/40qKV7UBAKowAOOlCDjfgiKxNbzRvaITs3ffccV8WQoAuny/Q2M8/1XmS+MFwRYn+0mWa45OeA8thnJeTvZGeh5hrPnwJiY/kGik08vPQtEalLLWhx/QtLCETpK6tEnKftJOrRkTl0LlvnCLr7GjSBbhK9NxijmUapK++kd+/qPeFp/Q=
jwXmj8peUMJnAC0S5UVKfp4sTc7//AKgDMgkJx7wugjidZx4qN/40qKV7UBAKowAOOlCDjfgiKxNbzRvaITs3ffccV8WQoAuny/Q2M8/1XmS+MFwRYn+0mWa45OeA8thnJeTvZGeh5hrPnwJiY/kGik08vPQtEalLLWhx/QtLCETpK6tEnKftJOrRkTl0LlvnCLr7GjSBbhK9NxijmUapK++kd+/qPeFp/Q=
aA5wmAiHupMs68q6UchD4DT2+FW7pmre2fVRTaACL1wk9Cthy7Qv0xt6da49uqD0TzeHC6jz5dEWp2U=
s1X39P0Mpjln5WsSFQShBYYgOMJxdxrhIlhu8h+NTGC/inBoGUaqRpgU5k+Wql+cJZnH8ssbp2Y=
HEqtwqUBJmBPt146y6MuxdG70I+EsA6KxURPr7Y22NeMyQs5SvgaglyK23QIqlWQytwMmm79Kgzv1uHHH5Anbacc
bljd8zRZcHdsAVDijNFqi/blmiDg0Zcgs/SszAdeIJRRge8KRWQWHb6Of3BdjdfOwx+nag==
aihUuQzsEZATd6nPI1Xw+Eg0/d52E7n+UMlpeyArMsNcLjavpX484uq6Yj5MC7NptXTbATv037MMe2WICfoeVP+3F6v4M7UxZqcV
mNwQd0mcBoksonBmoSOeRhMJcc09+2zcqe4CBJfpazYXk5pNAIFXcBNELHynjmBEMXLp+iG0Vs0ePv/A/d0XniNvpxo=
upDMowxMzdhaWz3nOuKB97KHuK6n99x9XizH+Jp/YA2Twr7sN9m8mc5/3HCvFnBuwYO0cr4LWdq4xaccG3BMgP8q8MjZJqkmWbBm4dZKX3xlOUdSC3unBg==
pmqNDdnWtEML9ORRdXOfskWjbugJJCmupW9QyJewPLmjam4jgW2/ZLHlSTydZ6/ZzxuLcuwwFefd78oblyVspx8=
4Fj8EURe07NpKT5hfg4OALOHuK6n99x9XizH+Jp/YA2Twr7sN9m8mc5/3HCvFnBuwYO0cr4LWdq4xaccG3BMgP8q8MjZKKkmWbBm4dZKX3xlOUdSC3unBg==
a900eGFWm1v3D6gI0WkZuEWjbugJJCmupW9QyJewPLmjam4jgW2/ZLHlSTydZ6fYzxuLcuwwFefd78oblyVspx8=
0dL4G+1nPpptmCdDCtavprCHuK6n99x9XizH+Jp/YA2Twr7sN9m8mc5/3HCvFnBuwYO0cr4LWdq4xaccG3BMgP8q8MjZIKgmWbBm4dZKX3xlOUdSC3unBg==
IC36CsiFJ9faW6/0/OlXGfblmiDg0Zcgs/SszAdeIJRRh+oKRmcWHb6Of3BdjdfOwx+nag==
CpAFG50oYoCVu0xtM2BkxEg0/d52E7n+UMlpeyArMsNcLjavpX484uq6Yj5MC7NptXTbATv037MOeGWICvoeVP+3F6v4M7UxZqcV
fZNpn8VSnTd3AlCaTHGs/mBPrU4NnO3Sue28kkHZpq0hFPqqmQQawZgV58y74MwQX/qwGPkxrzZ+YyYxdtrf7MXpB4Ira6cW
jfJiG/yxcOIQuvy/dgarwIgVqVuGFbFp46hbUN2OVfPhumoupGtLOW00Y7FjFLdDgvvtPqJaxiQH98/7wBOdIW6nHQ==
CtXqijPZp8QwezaALyNEG9N4EyYSiivTPCIjV7rxUDGT/zP6mVkKWlDm6Mu1hlxxOX1SBuFD7koL7xio8EjtpCNffDgBCxj/luXMQeQiaqCc4musaJKF/0g0X6WOq5rkr/4Rn79od0WnNA==
kjDtVY0wN/ZKhgoFDOlJsdN4EyYSiivTPCIjV7rxUDGT/zP6mVkKWlDm6Mu1hlxxOX1SBuFD7koL7xio8EjtpCNffDgBCxj7n/LLQeQiaqCc4musaJKF+kg0X6WOq5rkr/4Rn79od0WnNA==
nPrqAIMalLH1t4qaBuxGL9N4EyYSiivTPCIjV7rxUDGT/zP6mVkKWlDm6Mu1hlxxOX1SBuFD7koL7xio8EjtpCNffDgBCxj/luXMQeQiaqCc4musaJKF/k80X6WOq5rkr/4Rn79od0WnNA==
MEdbMP16pyn9PpHWj07ilNN4EyYSiivTPCIjV7rxUDGT/zP6mVkKWlDm6Mu1hlxxOX1SBuFD7koL7xio8EjtpCNffDgBCxj7n/LLQeQiaqCc4musaJKF/E80X6WOq5rkr/4Rn79od0WnNA==
LPqjNTX9QOKYednZrnkXuTT2+FW7pmre2fVRTaACL1wk9Cthy7Qv0x54daw6uq70TzeHC6jz5dEWp2U=
GEd7bhLXALBx57uzXWKNAoYgOMJxdxrhIlhu8h+NTGC/inBoGUOoRpoT5kGWql+cJZnH8ssbp2Y=
JdQdEswf22yt+dXpXCOr4M0oP9V+YRqxeGUnvFuQTGC/inBoGUCqRpUT5kGWql+cJZnH8ssbp2Y=
jWRihJVGrR/C2QJhkJqEJBMJcc09+2zcqe4CBJfpazYXk5pNAIFXcBNELHynjmBEMXTq+i23Vs0ePv/A/d0XniNvpxo=
cFD1Ny+U7Bf6ZOrpj7lAtbOHuK6n99x9XizH+Jp/YA2Twr7sN9m8mc5/3HCvFnBuwYO0cr4LWdq4xaccG3BMgP8q8MjZIKomVbNm4dZKX3xlOUdSC3unBg==
ChjdStA3h+kuoGa5YxusrHTuzEX283lDYtyw2nlcCmHly5tp8j0CL7/sroQRFAFuzf/oaF/AJLm7miaDOf1XJJnVUdzVtx9aN0dAUvTAfSd1fzJ7XxV0pwc=
5QaZp5iQDOS+W6ritoac8zwC+B9D2bebqLKX9ELGtrRlU/SinhtZypgV58y74MwQX/qwGPkwqjZ1YyYxdtrf7MXpB4Ira6cW
qDvn55M71R4x1jKRtwgZZkWjbugJJCmupW9QyJewPLmjam4jgW2/ZLHlSTydZ6fazxeIcuwwFefd78oblyVspx8=
UD3Bv8Y/ZJfwDiDe0fCq2bOHuK6n99x9XizH+Jp/YA2Twr7sN9m8mc5/3HCvFnBuwYO0cr4LWdq4xaccG3BMgP8q8MjZJ6kmVbNm4dZKX3xlOUdSC3unBg==
E6set/Q51FoOlfeZJUwYeQyR7sFdMmmXkD1Rs9RLf0ZOBXCMko72bBW71JqOE1nSqD2HNOsoDEivkhCgab8prsXLxkmmkp80tQEnujtjpw4=
xBhtm1SaiZBP8cGS34EEGUWjbugJJCmupW9QyJewPLmjam4jgW2/ZLHlSTydZ6DZzxeIcuwwFefd78oblyVspx8=
UijyGdO1SfHMtbocMbhLCLCHuK6n99x9XizH+Jp/YA2Twr7sN9m8mc5/3HCvFnBuwYO0cr4LWdq4xaccG3BMgP8q8MjZIagmVbNm4dZKX3xlOUdSC3unBg==
8u8+/pdkSt+KiB9Rkj7omCJgxFyQ7o2vv72DJhQQ+diUlEw5fv3GX/mG71XAPgeQmvrWQG1/BOYmh9leMFk36KMc7CSXlgCcge1oYp1vNtUuZj+YTUV3RhN3pwI=
VtsLy+3FrhA0vPZaKm2tGfw2MCsBdzIOddxNTsH3zFgbOLg5J+Lisx31WwRVnbVMUS9imAtfRELQCDHH+ffWC5staKcb
CkxwoaBYQPDs++tStLvYoEWjbugJJCmupW9QyJewPLmjam4jgW2/ZLHlSTydZ6bYzxeIcuwwFefd78oblyVspx8=
PX6HxQctgc0O+MMRqyfbKbCHuK6n99x9XizH+Jp/YA2Twr7sN9m8mc5/3HCvFnBuwYO0cr4LWdq4xaccG3BMgP8q8MjZJagmVbNm4dZKX3xlOUdSC3unBg==
xloJg6+acl3yREsPQ0EZ1yJgxFyQ7o2vv72DJhQQ+diUlEw5fv3GX/mG71XAPgeQmvrWQG1/BOYmh9leMFk36KMc7CSXlgCcgeloYp1vNtUuZj+YTUV3RhN3pwI=
5sc5XDTWOUSc43J1RXnB6fw2MCsBdzIOddxNTsH3zFgbOLg5J+Lisx31WwRVnbVMUS9mmAtfRELQCDHH+ffWC5staKcb
Qk9uFmm84cV2RgW0LVr0p0WjbugJJCmupW9QyJewPLmjam4jgW2/ZLHlSTydZ6LYzxeIcuwwFefd78oblyVspx8=
GYLOpuvwvxGMXcPBz6GLuqCcsQgaY46eh3cumci9zS2/WZPnzJJcW1E4rZ/KQC0U7vlxTlQrm5n9tBNR01RnI3H/3RLymraEt3dfmxBTrQF+pw0=
KYbO2ZLiCppk76Of6stFkwGWkCopn4RG5ufZPvD5twjjPOwEV/aAPMELb4Lcz7a17kY/uA2l9+bTF6di
xrzSrHovkAMfjhLY99hNj0g0/d52E7n+UMlpeyArMsNcLjavpX484uq6Yj5MC7NptXTbATv037MNfmWCCvoeVP+3F6v4M7UxZqcV
xbjBIKWDt5V68zZ75j52Hs0oP9V+YRqxeGUnvFuQTGC/inBoGUepRpwU5kGWql+cJZnH8ssbp2Y=
L58u1Mw3sLptGYHE0mer1xMJcc09+2zcqe4CBJfpazYXk5pNAIFXcBNELHynjmBEMXPp+iSwVs0ePv/A/d0XniNvpxo=
52JttrnE9qlNVojPhBzWj7OHuK6n99x9XizH+Jp/YA2Twr7sN9m8mc5/3HCvFnBuwYO0cr4LWdq4xaccG3BMgP8q8MjZJ6kmXLRm4dZKX3xlOUdSC3unBg==
bERmj8qPmtU015q3YIwcm3TuzEX283lDYtyw2nlcCmHly5tp8j0CL7/sroQRFAFuzf/oaF/AJLm7miaDOf1XJJnVUdzVtxhZN05HUvTAfSd1fzJ7XxV0pwc=
VJgjpuJFdkh0w8nhSa+IgjwC+B9D2bebqLKX9ELGtrRlU/SinhtZypgV58y74MwQX/qwGPk3qTZ8ZCYxdtrf7MXpB4Ira6cW
Drrsf8BzFjZbTwammUttqUWjbugJJCmupW9QyJewPLmjam4jgW2/ZLHlSTydZ6DZzx6PcuwwFefd78oblyVspx8=
YA0WIslnN4l6Xumc4NnqnLOHuK6n99x9XizH+Jp/YA2Twr7sN9m8mc5/3HCvFnBuwYO0cr4LWdq4xaccG3BMgP8q8MjZI6omX7Rm4dZKX3xlOUdSC3unBg==
mLHvYWJMlMTQD2o37yGXOwyR7sFdMmmXkD1Rs9RLf0ZOBXCMko72bBW71JqOE1nSqD2HNOsoDEivkhCgabsqrs/Mxkmmkp80tQEnujtjpw4=
+jT9hd325g5pscpxtCj7FEWjbugJJCmupW9QyJewPLmjam4jgW2/ZLHlSTydZ6Tazx2PcuwwFefd78oblyVspx8=
7cvkLijR1fPn2WFqo+rAdbCHuK6n99x9XizH+Jp/YA2Twr7sN9m8mc5/3HCvFnBuwYO0cr4LWdq4xaccG3BMgP8q8MjZIKkmX7Rm4dZKX3xlOUdSC3unBg==
yTiA7wmwXHIoK41kDS6JaCJgxFyQ7o2vv72DJhQQ+diUlEw5fv3GX/mG71XAPgeQmvrWQG1/BOYmh9leMFk36KMc7CSXlgCcgexpYpdoNtUuZj+YTUV3RhN3pwI=
Y1hdR7Q1tZprLPdB29a2yPw2MCsBdzIOddxNTsH3zFgbOLg5J+Lisx31WwRVnbVMUS9jmQtVQ0LQCDHH+ffWC5staKcb
4F/EOmJHLW+c9XCCvGhNf0WjbugJJCmupW9QyJewPLmjam4jgW2/ZLHlSTydZ6fZzx2PcuwwFefd78oblyVspx8=
qHfLZqlKosSZ3OEByrKFw6CcsQgaY46eh3cumci9zS2/WZPnzJJcW1E4rZ/KQC0U7vlxTlQrm5n9tBNR01RnI3b+3Rn1mraEt3dfmxBTrQF+pw0=
F9Ivp4Ij/irtrl73TOEULQGWkCopn4RG5ufZPvD5twjjPOwEV/aAPMEKboLXyLa17kY/uA2l9+bTF6di
KA48hTKENwrwOvz3QnUjSUg0/d52E7n+UMlpeyArMsNcLjavpX484uq6Yj5MC7NptXTbATv037MNe2WIDfoeVP+3F6v4M7UxZqcV
spxwLdPcZyEuG4L9RbpN/mBPrU4NnO3Sue28kkHZpq0hFPqqmQQawZgV58y74MwQX/qwGPk4qzZ+ZCYxdtrf7MXpB4Ira6cW
XAayqLnsf4L01ES/7rYsp3jY6uglNvTDQQM2uVr3tDf/0r/qvPYjCPjWrekJoPXmno/ScA+qGbvv7N8Rp2A=
4noxGlHmduwioSkZFunqQzT2+FW7pmre2fVRTaACL1wk9Cthy7Qv0x94da89uq70TzeHC6jz5dEWp2U=
wrbr3eNDm5+5gVvbWrrucYYgOMJxdxrhIlhu8h+NTGC/inBoGUKoRpkU5kGWql+cJZnH8ssbp2Y=
VDntiHA29OpVYYHO8m7cuTJ6jpJlrLGQ+/8BI2szdW4dzn1JqanC2tss76l+JKuA5QAyUVjPhNf2iKSYt4Xb0MXuE8TaGj2hwX2Bree9DSh0YYljAHVkVJFxSGt8/lOwGI69J4jo5T7+NyJ4TyKpw880T1mnKA==
4BVRbcX3quBQ4wlDHuNNvxs2gsM5O3zJY60Db/sNzRP+FFZmXSIYd8v0uxq30Ezg7Zu5ZhMdsv4UrEWqGi+JQ6xKa34Bv8Lqs9sOo26a/cNzSbDwzVVnyYh6Iq2GpOJBbu1XWder8yZCfd6y7YFREFC8LejavCgrfHCsqqaLMVwejpsh23MGPO8xoQ+41GcpryQrS+S4ybe5qgo8g9eLg8yDoemKp/k=
vZNU+AV2LYX6GaBhCZOgTWwc7ayO1WD3Sny+sbgPgMns2KKb8VJ4TKjaSNeOTH8WPMatwUjd8AJoJ2dCnf1+lFRkX+GMijcZsWOihs1yTb8K+EV03+FGxY/bTMk/XzkIExLrsOCbMWlAQNmKvjEYwnJPTJtd9ewrKFsDusKP+iTLftPlmpaddl31LNxnbuBkcRHommGQ1i3env9gvb2XvuOPp/o=
zk4vectzJTbWg+O9NreL0gQheBAOI9uCr4F4Jgsxwp+atP55aGegIfzQopPhulgkeBIIH14k3/6sTi1J2DVQarjvJ4pNlV58RGxf6ZxiF3Fhq+JOHRrtV5pwxfxPCeatXxMMAe83GeADGuu48HMRAZCImUJuWbgq4sfME80dTEP4k0NyEufazNt20+2Kfr0ejT1sFLcGQIzhmWgS8Xh2RQ5Wv6ht1bdW84en8g==
S+d/Qp2ewObvkGd8/536YraO2RMt2ShHZojKYyFL51LMheaizgt8Wbgr8NaikeW0UB5kZBgNKjrnlEBoDav8G7gwhDlXuJnrhrYIqh+rWCxfiz0dMhypxJX9NhYlXivnTjejhbzze4mBao+cazp0/Zm7DH4J0JrHAMCOYWxxabMkmUTFs8BGGYKGFzATL86wdWRRCzzGg1i4ps1/CDAVFl5fckCP2nnrr1z/gafw
ICaROMeG7iGHhlyB3rb8UwgtXOOegnznC91Wao5DjAGY0+Deopn1THBGlCxYxZpiByzQ4I0jbKPY6DRxl3DpM6bOGKIfo0hUf1NN1fJUGRz1Raaepda7X65vE038u4vRoZKflGsyZAW54/w2SRgqn+B4Huns+fkLREH0jXMINsGi/gc4EyfeyFW8IcP8jjOA2B5d94i4ha6+B8KIz5KJs4+k74mn+A==
KOSuwH2oC58OnX7WwCpbFFA/iMRpL3nSertQKOEW2gb+FFZmXSIYd8v0uxq30Ezg7Zu5ZhMdsv4UrEWqGi+JQ6xKa34Bv8Lqs9sOo26a/cNzSbDwzVVnyYh6Iq2GpOJBbu1XWder8yZCfd6y7YFREFC8LejavCgrfHCsqqaLMVwejpsh23MGPO8xoQ+41GcpryQrS+S4ybe5qgo8g9eLg8yDoemKp/k=
npcPG23JUpobIWxNVLu0MQgtQe+YkGfuO91Wao5DjAGY0+Deopn1THBGlCxYxZpiByzQ4I0jbKPY6DRxl3DpM6bOGKIfo0hUf1NN1fJUGRz1Raaepda7X65vE038u4vRoZKflGsyZAW54/w2SRgqn+B4Huns+fkLREH0jXMINsGi/gc4EyfeyFW8IcP8jjOA2B5d94i4ha6+B8KIz5KJs4+k74mn+A==
ri37no2DX/vU6o/cpL2DIxB7w1Kv3QGxzlRObKZDJWbnaNBz8pDeBXBTsC301KKP2a4oCFB26CMG0I+yZArtlaDh4AZQS4d21SHO8Mzo33Uk9ufdyU+C8sVuPZvStIWgt13WQTc3LH33AwnsCx7rpMhnYS247Hl+Nq3oZiqDDM+1yfwvEDfjjopTSkBT8lNxMupNsiXZDKhvcpBAqV0oTgksRqlmcp/UdeGnWvuDp+4=
sbRPNN4nfMgPE7KLTbrJlZ8lUNn5/0uyXMY4LRuxjkbub5RtqN/40qKV7UBAKowAOOlCDjfgiKxNbzRvaITs3ffccV8WQoAuny/Q2M8/1XmS+MFwRYn+0mWa45OeA8thnJeTvZGeh5hrPnwJiY/kGik08vPQtEalLLWhx/QtLCETpK6tEnKftJOrRkTl0LlvnCLr7GjSBbtI9N1ijmsapK++kd+/qPeFp/Q=
6alM2c+sePH8k6HqPPMhkZ4sTc7//AKgDMgkJx7wugjidZx4qN/40qKV7UBAKowAOOlCDjfgiKxNbzRvaITs3ffccV8WQoAuny/Q2M8/1XmS+MFwRYn+0mWa45OeA8thnJeTvZGeh5hrPnwJiY/kGik08vPQtEalLLWhx/QtLCETpK6tEnKftJOrRkTl0LlvnCLr7GjSBbtI9N1ijmsapK++kd+/qPeFp/Q=
OIlhJK/NI0D2Jg0lrvwbZzT2+FW7pmre2fVRTaACL1wk9Cthy7Qv0xh4da89uq70TzeHC6jz5dEWp2U=
6axsq2UgMOg/jbdOk6ILAIYgOMJxdxrhIlhu8h+NTGC/inBoGUWoRpkU5kGWql+cJZnH8ssbp2Y=
jMExjXmHC/4t0Lh8Ry9p19G70I+EsA6KxURPr7Y22NeMyQs5SvgaglyK23QIqlWTyNwNmm7zKgzv1uHHH5Anbacc
QsFEDVXrxI50e/PFvBNLMTJ6jpJirLGQ+/8BI2szdW4dzn1JqanC2tss76l+JKuA5QAyUVjPhNf2iKSYt4Xb0MXuE8TaGj2hwX2Bree9DSh0YYljAHVkVJFxSGt8/lOwGI69Koro4z/+NyJ4TyKpw880T1mnKA==
WJjvtwYn4eei39P4VEOFfBs2gsM5O3zJY60Db/sNzRP+FFZmXSIYd8v0uxq30Ezg7Zu5ZhMdsv4UrEWqGi+JQ6xKa34Bv8Lqs9sOo26a/cNzSbDwzVVnyYh6Iq2GpOJBbu1XWder8yZCfd6y7YFREFC8LejavCgrfHCsqqaLMVwejpsh23MGPO8xoQ+41GcpryQrS+m6ybG4qgo8g9eLg8yDoemKp/k=
8a79I+m/RttGuxHIEXE4v2wc7ayO1WD3Sny+sbgPgMns2KKb8VJ4TKjaSNeOTH8WPMatwUjd8AJoJ2dCnf1+lFRkX+GMijcZsWOihs1yTb8K+EV03+FGxY/bTMk/XzkIExLrsOCbMWlAQNmKvjEYwnJPTJtd9ewrKFsDusKP+iTLftPlmpaddl31LNxnbuBkcRzqmmeR1i3env9gvb2XvuOPp/o=
7c/JRTxjTDxKvMiDsp3RrAQheBAOI9uCr4F4Jgsxwp+atP55aGegIfzQopPhulgkeBIIH14k3/6sTi1J2DVQarjvJ4pNlV58RGxf6ZxiF3Fhq+JOHRrtV5pwxfxPCeatXxMMAe83GeADGuu48HMRAZCImUJuWbgq4sfME80dTEP4k0NyEufazNt20+2Kfr0ejT1sFLcGQIzhlGoS93l2RQ5Wv6ht1bdW84en8g==
AZmWTI5r3ekshGly6UsWx7aO2RMt2ShHZojKYyFL51LMheaizgt8Wbgr8NaikeW0UB5kZBgNKjrnlEBoDav8G7gwhDlXuJnrhrYIqh+rWCxfiz0dMhypxJX9NhYlXivnTjejhbzze4mBao+cazp0/Zm7DH4J0JrHAMCOYWxxabMkmUTFs8BGGYKGFzATL86wdWRRCzzGg1i4ps1yCjATF15fckCP2nnrr1z/gafw
2zYdxd6V0zuGgP0Fc114bwgtXOOegnznC91Wao5DjAGY0+Deopn1THBGlCxYxZpiByzQ4I0jbKPY6DRxl3DpM6bOGKIfo0hUf1NN1fJUGRz1Raaepda7X65vE038u4vRoZKflGsyZAW54/w2SRgqn+B4Huns+fkLREH0jXMINsGi/gc4EyfeyFW8IcP8jjOA2B5d+oq4g6++B8KIz5KJs4+k74mn+A==
1kk/geuNpVgihP+Z4xLF6VA/iMRpL3nSertQKOEW2gb+FFZmXSIYd8v0uxq30Ezg7Zu5ZhMdsv4UrEWqGi+JQ6xKa34Bv8Lqs9sOo26a/cNzSbDwzVVnyYh6Iq2GpOJBbu1XWder8yZCfd6y7YFREFC8LejavCgrfHCsqqaLMVwejpsh23MGPO8xoQ+41GcpryQrS+m6ybG4qgo8g9eLg8yDoemKp/k=
oa6SXepr4kMB5Wv7g1tPMwgtQe+YkGfuO91Wao5DjAGY0+Deopn1THBGlCxYxZpiByzQ4I0jbKPY6DRxl3DpM6bOGKIfo0hUf1NN1fJUGRz1Raaepda7X65vE038u4vRoZKflGsyZAW54/w2SRgqn+B4Huns+fkLREH0jXMINsGi/gc4EyfeyFW8IcP8jjOA2B5d+oq4g6++B8KIz5KJs4+k74mn+A==
SNT0xo2xy097jBRPSqI/sxB7w1Kv3QGxzlRObKZDJWbnaNBz8pDeBXBTsC301KKP2a4oCFB26CMG0I+yZArtlaDh4AZQS4d21SHO8Mzo33Uk9ufdyU+C8sVuPZvStIWgt13WQTc3LH33AwnsCx7rpMhnYS247Hl+Nq3oZiqDDM+1yfwvEDfjjopTSkBT8lNxMupNsiXZDKhvcpBAqVAqTg8tRqlmcp/UdeGnWvuDp+4=
0U63CNOOJqyZY+fEJvSxU58lUNn5/0uyXMY4LRuxjkbub5RtqN/40qKV7UBAKowAOOlCDjfgiKxNbzRvaITs3ffccV8WQoAuny/Q2M8/1XmS+MFwRYn+0mWa45OeA8thnJeTvZGeh5hrPnwJiY/kGik08vPQtEalLLWhx/QtLCETpK6tEnKftJOrRkTl0LlvnCLr7GjSBbZK9NtjjmsapK++kd+/qPeFp/Q=
hAWTPiOd4B4msnNHXTU5lp4sTc7//AKgDMgkJx7wugjidZx4qN/40qKV7UBAKowAOOlCDjfgiKxNbzRvaITs3ffccV8WQoAuny/Q2M8/1XmS+MFwRYn+0mWa45OeA8thnJeTvZGeh5hrPnwJiY/kGik08vPQtEalLLWhx/QtLCETpK6tEnKftJOrRkTl0LlvnCLr7GjSBbZK9NtjjmsapK++kd+/qPeFp/Q=
LMj1Wj0SG+o9wqt8t0Yt0tG70I+EsA6KxURPr7Y22NeMyQs5SvgaglyK23QIqlWeytwLm27zKgzv1uHHH5Anbacc
SNe0CrQS7wOp1ePeUiFHhjT2+FW7pmre2fVRTaACL1wk9Cthy7Qv0xV6dak8uq70TzeHC6jz5dEWp2U=
PN/RsrIwsmm5GK/zRdBbdIYgOMJxdxrhIlhu8h+NTGC/inBoGUiqRp8V5kGWql+cJZnH8ssbp2Y=
NYdHLyQSCLT+rMqyY2MYhzT2+FW7pmre2fVRTaACL1wk9Cthy7Qv0x9+dak8uq70TzeHC6jz5dEWp2U=
iDDnUDO8Py64zCKSdO4RHYYgOMJxdxrhIlhu8h+NTGC/inBoGUKuRp8V5kGWql+cJZnH8ssbp2Y=
CBKuLyUIP/tfxYhfHSLDJkMTx2QOoTPzzZDKhKX9RQyhT3ObG3RyAmCogUdpV4bLy80Yp2s=
k/3O9k6JhVmfJzq0pRTQ5+H+DeC3i0v5gjlHA1k4diR5lbFcdfc7W1eMJtJUgF0nlT+S+//VFKdn
12GfLvNQYeLklOcSd/rq1/4gMSYYcD8JdZoWXc+zzV8SNfd5PoHjsx3wWgRVnbVMUS9nmwtUQkLQCDHH+ffWC5staKcb
1I9Hb66aaPBTMFLJ1QgDMc/znI2QugvZgw5Ls6N409HSmS9KD65Cl1yK23QIqlWSy9wKm27zKgzv1uHHH5Anbacc
opAneytpEBP/GPSaqjJDvz+Km6cIC/X1ngU5OC6Mhu5vymVkN4b8PlGFjodv0SDyqukf49HIDuQhhbl8TUeT27/83rJckIVnLY8aW6cFfKcP
jfOfJASuEjUrehU4P+oIhgsBZ8FwqiDG6OcGXJfpazYXk5JfY4BXcBZFLHynjmBEMXDr+iaxVs0ePv/A/d0XniNvpxo=
iMbSBl6IakRNGURyJpR2Wc/wnI2QugvZgw5Ls6N409HSmS9KD65Cl1yK23QIqlWSy9wKm27zKgzv1uHHH5Anbacc
5pAMjitavR7Mw1t35rXnv2IUx7oUQCEvio3+QuACgG64L0aUx8FLHgebkldzqHdYRo1stPcmwOyh+Gtythn2ZU72vwit9Te2M2enEg==
jfOfJASuEjUrehU4P+oIhgsBZ8FwqiDG6OcGXJfpazYXk5JfY4BXcBZFLHynjmBEMXDr+iaxVs0ePv/A/d0XniNvpxo=
qdB/RZs70fHnY3ElqGk9LGMixFtY2P/Z2/3DsQyOvv0tV/SylRAahskgqZfn8cwQX/qwGPk1qTZ+ZSYxdtrf7MXpB4Ira6cW
dfS+SY7trY5vGR83m4I2iTT2+FW7pmre2fVRTaACL1wk9Cthy7Qv0xp5dag8uq70TzeHC6jz5dEWp2U=
xRULW/ErnCyECfQbLh2jMYYgOMJxdxrhIlhu8h+NTGC/inBoGUepRp4V5kGWql+cJZnH8ssbp2Y=
xXvLfr+2eB4gb23FXVRe6zT2+FW7pmre2fVRTaACL1wk9Cthy7Qv0x9/dag8uq70TzeHC6jz5dEWp2U=
MSfh5WkmVV0ogdFCwDu2XIYgOMJxdxrhIlhu8h+NTGC/inBoGUKvRp4V5kGWql+cJZnH8ssbp2Y=
VsqE9T+XhheJyIOL7HgSKh9+pM1yE7n+UMlpeyArMsNJcSGv42c86bGrFlk+EbgKtHTbATv037MJfmWIDPoeVP+3F6v4M7UxZqcV
UKSbtL1LAphuHX8CquKsOcuiJRo9l96+OR4dgb7iZTuqwlsmMlGqHqw5nYW/E30f4lXva0hl4GmmNqqExT3ljAEPV577NJKCgOihR0mXJkurDXinCw==
fZEp+FjGI/cmDbItbdnbNbKaqO/2788zXzrK77xqKRuAyqfDdMi2j9stmi2nFn0qgYKze7NMC6Xft70XeHFMgP8q8MjZJK4mXrVm4dZKX3xlOUdSC3unBg==
sMwKqMyKVbnjO4EI0AlSnM1G6wucBqo1u7V5f5uHVPm5qx5J1nFAWmw0Y7FjFLdDgf7tOKRaxiQH98/7wBOdIW6nHQ==
BE1wUgeq8bo7uvxU0xVN7xx+pM1yE7n+UMlpeyArMsNJcSGv42c86bGrFlk+EbgKtHTbATv037MJfmWIDPoeVP+3F6v4M7UxZqcV
UKSbtL1LAphuHX8CquKsOcuiJRo9l96+OR4dgb7iZTuqwlsmMlGqHqw5nYW/E30f4lXva0hl4GmmNqqExT3ljAEPV577NJKCgOihR0mXJkurDXinCw==
cq1Mzl8wMYV1ebwchZYiW7KZqO/2788zXzrK77xqKRuAyqfDdMi2j9stmi2nFn0qgYKze7NMC6Xft70XeHFMgP8q8MjZJK4mXrVm4dZKX3xlOUdSC3unBg==
sMwKqMyKVbnjO4EI0AlSnM1G6wucBqo1u7V5f5uHVPm5qx5J1nFAWmw0Y7FjFLdDgf7tOKRaxiQH98/7wBOdIW6nHQ==
9Mms5OQK0nOIzyp8pExd2jT2+FW7pmre2fVRTaACL1wk9Cthy7Qv0xt+dag8uq70TzeHC6jz5dEWp2U=
qdliZ4nDXERT/8hMDoaun4YgOMJxdxrhIlhu8h+NTGC/inBoGUauRp4V5kGWql+cJZnH8ssbp2Y=
f7Cddz7g8jGJopafVvCSfHsXdPhIi8NdxeLso3y+03AYTj1hiihlf/53orhPYimDz/TPGado
7IOwOq5g9KGSsU2swG0xTYWTHlPLm+xpyAdb0XVOdE8cUovcqALlJkpkvTPOW/pUL44xr//41xWnZA==
hpVkZ5DbFmRoaA8WLTDiI1O8/WfSdJFDgWenKGfq4iA64RQVSHujrYUyjDP8LnOgWH4dWooYRU8+JwIoz/LJ0w+EL2mnGA==
3bQc2CoubAQz2K/J9B/Dt4keswDdSfVz8bF5f5uHVPm5qB5J1nFDWmw0Y7FjFLdDjfrtP6RaxiQH98/7wBOdIW6nHQ==
1S0F571bXO03jlJBBO5Kulzt0VtuTMKpqXhZKI8cVruR8v8632exPw0wpexrSf+KyO8LCdX2xOfcOnukSFo1jsrM7euuo4q8byaBF1+gB32nDA==
Kl1cx/Y/D3MVhnUfP1IjquYoJypVIXMTNJMSBc+zzV8SNf9oWIWQqRWWWgRVnbVMUS9rmgtTQkLQCDHH+ffWC5staKcb
bcWUa0Ru5x7HwKTb8WNxs4kdswDdSfVz8bF5f5uHVPm5qB5J1nFDWmw0Y7FjFLdDjfrtP6RaxiQH98/7wBOdIW6nHQ==
Ab8EDaxqsGMWOmG506F9wxAi1oBsKSSLH1y2od2R2/NMY0rF9+MVP/ol92hQlfhJTUZiRI3tTSz5n+Mag6Mq4mi46YcBpw4rsz1gpxM=
Kl1cx/Y/D3MVhnUfP1IjquYoJypVIXMTNJMSBc+zzV8SNf9oWIWQqRWWWgRVnbVMUS9rmgtTQkLQCDHH+ffWC5staKcb
XTYOkXUz9TjCVZcLTne2uR9+pM1yE7n+UMlpeyArMsNJcSGv42c86bGoFlk+EbsKtHTbATv037MKeWWODPoeVP+3F6v4M7UxZqcV
G1dl6xA1wdLFJmLDTVJdV8uiJRo9l96+OR4dgb7iZTuqwlsmMlGqHqw5nYW/E30f4lXvaEhl4GmlNqqExT3ljAEPVJn7MpKCgOihR0mXJkurDXinCw==
y6/7E0hQ8r7dmip8qN/5HrKZqO/2788zXzrK77xqKRuAyqfDdMi2j9stmi2nFn0qgYKze7NMCKXft70UeHFMgP8q8MjZJ6kmWLVm4dZKX3xlOUdSC3unBg==
6GQPZP6Kk3vytzCfElVe3s1G6wucBqo1u7V5f5uHVPm5qB5J1nFDWmw0Y7FjFLdDgvntPqRaxiQH98/7wBOdIW6nHQ==
+piDExKXhK48eZ8Dl7Jm3Rx+pM1yE7n+UMlpeyArMsNJcSGv42c86bGoFlk+EbsKtHTbATv037MKeWWODPoeVP+3F6v4M7UxZqcV
G1dl6xA1wdLFJmLDTVJdV8uiJRo9l96+OR4dgb7iZTuqwlsmMlGqHqw5nYW/E30f4lXvaEhl4GmlNqqExT3ljAEPVJn7MpKCgOihR0mXJkurDXinCw==
TqGYXA7XGjuKeBZ7rrREfrKaqO/2788zXzrK77xqKRuAyqfDdMi2j9stmi2nFn0qgYKze7NMCKXft70UeHFMgP8q8MjZJ6kmWLVm4dZKX3xlOUdSC3unBg==
6GQPZP6Kk3vytzCfElVe3s1G6wucBqo1u7V5f5uHVPm5qB5J1nFDWmw0Y7FjFLdDgvntPqRaxiQH98/7wBOdIW6nHQ==
DXHNYdzTKrHZvxww9FlF4DNFhusbT0dqjIH5XqVVx2n5YBneyc5DHwvQiDF3221QII1stPcmwOyh+mhysBn2ZU72vwit9Te2M2enEg==
YiYOwharHAEVa0f346bBtPTpzG1Anfr0WEJJ97ied/88DHbDA5nq8Q9y3Yb5FiMHO8iIKUfDDYgQ1azsR/6gdBFi6OoAgZa9/q5/UJ0tV64Df6cK
WHv4+Mh5uJkumZkJwbwAFry3r4uOB7z917VmErVUFFlVyPiMqStxOXnxpLSfwXjellWPY1Kf27CNoAUcKxkfusjf61mVBmR3XKobFIgKFXDIvMw77hNqLO+2IWefcGdNpzw=
uYahutV1aVBFhOUTj+fwes1G6wucBqo1u7V5f5uHVPm5qB5J1nFDWmw0Y7FjFLdDg/jtPqRaxiQH98/7wBOdIW6nHQ==
5HMdgFmUBPCpNtPko4ucjDNFhusbT0dqjIH5XqVVx2n5YBneyc5DHwvQizF3221TII1stPcmwOyh+G9ysBn2ZU72vwit9Te2M2enEg==
IW6W0IZ7/354Wrystnxv1fTpzG1Anfr0WEJJ97ied/88DHbDA5nq8Q9y3Yb5FiMHO8iLKUfDDYsQ1azsR/6gdBFg7+oAgZa9/q5/UJ0tV64Df6cK
JaPUd2+Qc/KvU5JKIxoyY7y3r4uOB7z917VmErVUFFlVyPiMqStxOXnxpLSfwXjellWPY1Kf27CNoAUcKxkfusvf61mVBWR3XKobFIgKFXLPvMw77hNqLO+2IWefcGdNpzw=
YPakwlwLJitt5NyL8+1vL81G6wucBqo1u7V5f5uHVPm5qx5J1nFAWmw0Y7FjFLdDgf/tPqRaxiQH98/7wBOdIW6nHQ==
nGBHPxep0bCYkPCKB5+AG3nPpaZpPL3AWwUn5kuD00Xl2dzrvPYjCPjWre0OoPTnno/ScA+qGbvv7N8Rp2A=
f85m78pDU7pTURbX43hm420XdOVLi8NdxeHso3y+03AYTj1ljihkf/53orhPYimDz/TPGado
M5LVixUfb0aN0XwojJ6213sXdPhLi8NdxeHso3y+03AYTj1rjihkf/53orhPYimDz/TPGado
GbS22zGNT7mBm7mvxmanRoWTHlPLm+xpywdb0XVNdE8cUovcqALlK0tkvjPOW/pUL44xr//41xWnZA==
vcKZl4M+GQOJRJEumuvsl1O8/WfSdJFDgWenKGfq4iA64RQVS3ujrYUxjDP8LnOgWH4dV4sYRk8+JwIoz/LJ0w+EL2mnGA==
j5VCpTxUi48cTfJf4I17P4keswDdSfVz8bF5f5uHVPm5qx5J1nFAWmw0Y7FjFLdDgPvtPKRaxiQH98/7wBOdIW6nHQ==
4lIzniQFUAYKKnCE58Hb01zt0VtuTMKpqXhZKI8cVruR8v8632exPw0wpexrSf+Ky+8LCdX1xOfcOnukSFo1g8vM7uuuo4q8byaBF1+gB32nDA==
VVPZRlodf2jnAv5zeqv3w+YoJypVIXMTNJMSBc+zzV8SNf9rWIWQqRaWWgRVnbVMUS9mmwtQQkLQCDHH+ffWC5staKcb
z5Ov96310jS+8K5uf7wReIkdswDdSfVz8bF5f5uHVPm5qx5J1nFAWmw0Y7FjFLdDgPvtPKRaxiQH98/7wBOdIW6nHQ==
ZlD4St7s7FTuZXTkHAMGPBAi1oBsKSSLH1y2od2R2/NMY0rF9+MVP/ol92tQlfhJTkZiRI3tTSz5n+4bg6Aq4mi46YcBpw4rsz1gpxM=
VVPZRlodf2jnAv5zeqv3w+YoJypVIXMTNJMSBc+zzV8SNf9rWIWQqRaWWgRVnbVMUS9mmwtQQkLQCDHH+ffWC5staKcb
DOrpiwf0UKtMxgFVnkGWZR9+pM1yE7n+UMlpeyArMsNJcSGv42c86bGrFlk+EbgKtHTbATv037MNemWMDPoeVP+3F6v4M7UxZqcV
rq2jM8bUAF5RhIY/17IfScuiJRo9l96+OR4dgb7iZTuqwlsmMlGqHqw5nYW/E30f4lXva0hl4GmmNqqExT3ljAEPU5r7MJKCgOihR0mXJkurDXinCw==
0Uct2309io1fZ9lpg21Y/rKaqO/2788zXzrK77xqKRuAyqfDdMi2j9stmi2nFn0qgYKze7NMC6Xft70XeHFMgP8q8MjZIKomWrVm4dZKX3xlOUdSC3unBg==
iyFcqX763GF8kA5HLaq9w81G6wucBqo1u7V5f5uHVPm5qx5J1nFAWmw0Y7FjFLdDhfrtPKRaxiQH98/7wBOdIW6nHQ==
MDX9BOKDRSgNAQAySYpOuhx+pM1yE7n+UMlpeyArMsNJcSGv42c86bGrFlk+EbgKtHTbATv037MNemWMDPoeVP+3F6v4M7UxZqcV
rq2jM8bUAF5RhIY/17IfScuiJRo9l96+OR4dgb7iZTuqwlsmMlGqHqw5nYW/E30f4lXva0hl4GmmNqqExT3ljAEPU5r7MJKCgOihR0mXJkurDXinCw==
2erhdH8j/+HHZYiTmEK0QLKZqO/2788zXzrK77xqKRuAyqfDdMi2j9stmi2nFn0qgYKze7NMC6Xft70XeHFMgP8q8MjZIKomWrVm4dZKX3xlOUdSC3unBg==
iyFcqX763GF8kA5HLaq9w81G6wucBqo1u7V5f5uHVPm5qx5J1nFAWmw0Y7FjFLdDhfrtPKRaxiQH98/7wBOdIW6nHQ==
REmY3y5z0UqqiwM6bF7sgpqu3oKfs13aiUBFvKt535rI/ys5FaYkl1yK23QIqlWUydwOm27zKgzv1uHHH5Anbacc
yXZuL61cbc6K7yiMA9p9RBtT9ahUO2vD/8Bx81jnAqGuuUU26awdcBvVRxZIc7OVpWp8ezxmw3g4ho3YCZDWN95/suCPOrkLL7w/YacQ
AAjhaV8JRQALNtcXPYr2uIkeswDdSfVz8bF5f5uHVPm5qB5J1nFDWmw0Y7FjFLdDh/ntPKRaxiQH98/7wBOdIW6nHQ==
OhyV2+9EN5rcAgRCG/wotlzt0VtuTMKpqXhZKI8cVruR8v8632exPw0wpexrSf+KyO8LCdX2xOfcOnukSFo1hMnM7uuuo4q8byaBF1+gB32nDA==
QZIF0uD3vpXz1X1b3YFTNOYoJypVIXMTNJMSBc+zzV8SNf9oWIWQqRWWWgRVnbVMUS9hmQtQQkLQCDHH+ffWC5staKcb
fz0MyJ3AIQiosCx0jsHVI4kdswDdSfVz8bF5f5uHVPm5qB5J1nFDWmw0Y7FjFLdDh/ntPKRaxiQH98/7wBOdIW6nHQ==
Q+sSLxDu8f+iv9pmMc3NARAi1oBsKSSLH1y2od2R2/NMY0rF9+MVP/ol92hQlfhJTUZiRI3tTSz5n+kZg6Aq4mi46YcBpw4rsz1gpxM=
QZIF0uD3vpXz1X1b3YFTNOYoJypVIXMTNJMSBc+zzV8SNf9oWIWQqRWWWgRVnbVMUS9hmQtQQkLQCDHH+ffWC5staKcb
95w8opkREBB/GRgr6fc6eh9+pM1yE7n+UMlpeyArMsNJcSGv42c86bGoFlk+EbsKtHTbATv037MKeWWMDPoeVP+3F6v4M7UxZqcV
1+zXvrcjScXcQ+CodkthLsuiJRo9l96+OR4dgb7iZTuqwlsmMlGqHqw5nYW/E30f4lXvaEhl4GmlNqqExT3ljAEPVJn7MJKCgOihR0mXJkurDXinCw==
iRctjDSN4LabBkwFdl1R/LKZqO/2788zXzrK77xqKRuAyqfDdMi2j9stmi2nFn0qgYKze7NMCKXft70UeHFMgP8q8MjZJ6kmWrVm4dZKX3xlOUdSC3unBg==
fXH2T6B+a7zjm1+n4Ow6NM1G6wucBqo1u7V5f5uHVPm5qB5J1nFDWmw0Y7FjFLdDgvntPKRaxiQH98/7wBOdIW6nHQ==
MR54KLvKWCkDdnNEuU0TMBx+pM1yE7n+UMlpeyArMsNJcSGv42c86bGoFlk+EbsKtHTbATv037MKeWWMDPoeVP+3F6v4M7UxZqcV
1+zXvrcjScXcQ+CodkthLsuiJRo9l96+OR4dgb7iZTuqwlsmMlGqHqw5nYW/E30f4lXvaEhl4GmlNqqExT3ljAEPVJn7MJKCgOihR0mXJkurDXinCw==
4STdLOwAsMAoUlIh2GryCLKaqO/2788zXzrK77xqKRuAyqfDdMi2j9stmi2nFn0qgYKze7NMCKXft70UeHFMgP8q8MjZJ6kmWrVm4dZKX3xlOUdSC3unBg==
fXH2T6B+a7zjm1+n4Ow6NM1G6wucBqo1u7V5f5uHVPm5qB5J1nFDWmw0Y7FjFLdDgvntPKRaxiQH98/7wBOdIW6nHQ==
UP9g/+hnAwTMFNWeohqFMTNFhusbT0dqjIH5XqVVx2n5YBneyc5DHwvQiDF3221QII1stPcmwOyh+mhyshn2ZU72vwit9Te2M2enEg==
nxISTK4p+Y6zqUPExyWuWfTpzG1Anfr0WEJJ97ied/88DHbDA5nq8Q9y3Yb5FiMHO8iIKUfDDYgQ1azsR/6gdBFi6OoCgZa9/q5/UJ0tV64Df6cK
+JvzMAypiBfIrvX5B+M7JLy3r4uOB7z917VmErVUFFlVyPiMqStxOXnxpLSfwXjellWPY1Kf27CNoAUcKxkfusjf61mVBmR3XKobFIgKFXDIvM477hNqLO+2IWefcGdNpzw=
ft0j0jPkx9LdzA5laaO3Vc1G6wucBqo1u7V5f5uHVPm5qB5J1nFDWmw0Y7FjFLdDg/jtPKRaxiQH98/7wBOdIW6nHQ==
SWMjbOenbalc6PMRVCWdgTNFhusbT0dqjIH5XqVVx2n5YBneyc5DHwvQizF3221TII1stPcmwOyh/29yshn2ZU72vwit9Te2M2enEg==
45mijdBIMf6uSUzZMg87EvTpzG1Anfr0WEJJ97ied/88DHbDA5nq8Q9y3Yb5FiMHO8iLKUfDDYsQ1azsR/6gdBFn7+oCgZa9/q5/UJ0tV64Df6cK
bITPosZRJ3VnVDH78iaVM7y3r4uOB7z917VmErVUFFlVyPiMqStxOXnxpLSfwXjellWPY1Kf27CNoAUcKxkfusvf61mVBWR3XKobFIgKFXXPvM477hNqLO+2IWefcGdNpzw=
dA1pAa2edJZqoYAT/i9g/M1G6wucBqo1u7V5f5uHVPm5qx5J1nFAWmw0Y7FjFLdDhv/tPKRaxiQH98/7wBOdIW6nHQ==
Wdh4PVUGDvYP271PN/POPDNFhusbT0dqjIH5XqVVx2n5YBneyc5DHwvQizF3221TII1stPcmwOyh9W9yshn2ZU72vwit9Te2M2enEg==
G7AmytUPXzcisefmCerRpvTpzG1Anfr0WEJJ97ied/88DHbDA5nq8Q9y3Yb5FiMHO8iLKUfDDYsQ1azsR/6gdBFt7+oCgZa9/q5/UJ0tV64Df6cK
kv5DtcgHGsbBZ/8O/XG5Wry3r4uOB7z917VmErVUFFlVyPiMqStxOXnxpLSfwXjellWPY1Kf27CNoAUcKxkfusvf61mVBWR3XKobFIgKFX/PvM477hNqLO+2IWefcGdNpzw=
0D+Op145ZM4CegAHIP+aws1G6wucBqo1u7V5f5uHVPm5qx5J1nFAWmw0Y7FjFLdDjP/tPKRaxiQH98/7wBOdIW6nHQ==
czcO9VOIeLA/X39rIGdP3fblmiDl0ZcgtvSszAdeIJRRgOsKTWEWHb6Of3BdjdfOwx+nag==
atg8ki03sMp3SCpmJ/mG1M0oP9V+YRqxfWUnvF6QTGC/inBoGUerRpUV5kGWql+cJZnH8ssbp2Y=
1ugTzFpGnUNyRMEqUYagBRMJcc09+2zcqe4CBJfpazYXk5pNBYFXcBZELHynjmBEMXPr+i2xVs0ePv/A/d0XniNvpxo=
2TViImtHzsl0UKA2QmW/VBc3vrLBWfZs2BzcSPU5sagXG7ioj6A0uat/dsPpmMek6TXhnCXXKFtHZ3YSBGDNp+Xf4juPNWSnFw==
ChyOFgevtEPp1Mjhmh08nDwC+B9D2bebqLKX9ELGtrRlU/SinhtZyp0V58y+4MwQX/qwGPk3qzZ1ZSYxdtrf7MXpB4Ira6cW
YM+901uvw2pMbfzhd4XD60WjbugJJCmupW9QyJewPLmjb24jgWi/ZLHlSTydZ6DbzxeOcuwwFefd78oblyVspx8=
/zLBKmL0UmhK3rQ54g33JDdGh+pVGQ5oz4X8TaZTzHS3KhCaic9EFgaX2U4VqXdYRoxstPcmwOyh/2pyvRn2ZU72vwit9Te2M2enEg==
HCtMm03AMZfHkK9qSQXRIjA2M1AI6d+nN3Qk0I2QMioMfZJ90XM0REjU3M/1QAlZ/LR6SRkU4Y9fSkqCfN4TEJgu/UGKCCmffpfiWE9CaSNPVA95pwg=
8dKo0xYj5qN2eAceIl5Hj5hWxiIe2j9V6vF6Q2fW072FUlsEAIS2ioon0b+k8gF0O4buHXMHRPjDSKA5Pxe6E5WA88Q9jb1sqX/YGnOPeiLYGBkHkUdea0MdcKcD
YB64SUS9TOTrnKG/m6jNNPbZuR8KIsvN1DE6jM+8hDv/X4quz8xVWkBt/ZvKQC0U7vlxS1Qrm5z9tBNR01RnI3b63RP0mraEt3dfmxBTrQF+pw0=
K5+nJJOUHDbNRA2SAL3G+QsBZ8FwqiDO4OkFAt3nZD4Wn9lGBYFXcBZELHynjmBEMXfq+i2xVs0ePv/A/d0XniNvpxo=
c1i+4IdXrMicD6cKvcC2xDdFh+pVGQ5oz4X8TaZTzHS3KhCaic9EFgaX2U4VqXdYRoxstPcmwOyh/GlyvRn2ZU72vwit9Te2M2enEg==
Eh8fVCbWksnO+y2BhKZ8fzA1M1AI6d+nN3Qk0I2QMioMfZJ90XM0REjU3M/1QAlZ/LR6SRkU4Y9fSkqCfN4TEJgu/UKJCCmffpfiWE9CaSNPVA95pwg=
rHQxzW4v+rD/sjIsqr+mUJhWxiIe2j9W6vF6Q2fW072FUlsEAIS2ioon0b+k8gF0O4buHXMHRPjDSKA5Pxe6E5WA88Q9jb1sqX/bGXOPeiLYGBkHkUdea0MdcKcD
89nRRASwVnCZeW/kl0StIPbZuR8KIsvN1DE6jM+8hDv/X4quz8xVWkBt/ZvKQC0U7vlxS1Qrm5z9tBNR01RnI3X53RP0mraEt3dfmxBTrQF+pw0=
38hwQ1ZHk3lAJQCgN31tYAsBZ8FwqiDO4OkFAt3nZD4Wn9lGBYFXcBZELHynjmBEMXTp+i2xVs0ePv/A/d0XniNvpxo=
gehSUWuvIX+y7LYJLxpSchBc8rVMJnyaq9Zi5VbgEe/3rBV84OhdcRzcSlEZDNHnv2Iaejxmw3g4ho3cCZDZN95/suCPOrkLL7w/YacQ
XIvwxszBH2QXDdnq6Jzd70VzmIdyMw2LCFSjupLA0qtbf1XIs6MUOPMosDkv94pTRSBjRI3tTSz5n+0Zg68q4mi46YcBpw4rsz1gpxM=
Q1qe1kzKXNIJEsDjsxBRgF2dzvs7X0H0rGq9JxAbKjnqFaRyvMxQc17wuWxyee2zwJsP9FEUf7lnBJN7zzmhy8DKQqyblzOzBCO5OWKnEQ==
vwwPOJecuidGBycQElmemIurxIbR9VSL1FUBvaxw0t2ZgElLD65CllyK23QIqlWQydwBm27zKgzv1uHHH5Anbacc
oa8lGSn1US4IsMdDpMh6pg0BPokJGJGXLjDpTEJ53ZMQ2/+UwZTPGTfE45vROLHr8IqSzGsXoxO04+nZEqdh
wTem+MwMX9d0RqGNbx+F8wGWkCopn4RG5ufZPvX5twjmPOwEV/aAPMEOb4Ldyba17kY/uA2l9+bTF6di
J5W8KeO8WNhs0+M/lzaTVMRN/kBSOt6DCDuXZLlUl8mfZFsrVL85mwjqepyzV5sjnMPxyRqnaQ==
RI8oZ0d4yKfLFvb80kb1LzT2+FW7pmre2fVRTaACL1wk9Cthy7Qv0xt/daM8uq70TzeHC6jz5dEWp2U=
gahlvYtu5Ktf1wpq5J8IpYYgOMJxdxrhIlhu8h+NTGC/inBoGUavRpUV5kGWql+cJZnH8ssbp2Y=
F8kkWfkmpvmkt8gQX3dg+zT2+FW7pmre2fVRTaACL1wk9Cthy7Qv0xh+dao5uq/0TzeHC6jz5dEWp2U=
cBlIH/fM2MYLRJ63FuufNIYgOMJxdxrhIlhu8h+NTGC/inBoGUWuRpwQ5kCWql+cJZnH8ssbp2Y=
rcH3K1khICR/09MnnwTIkTT2+FW7pmre2fVRTaACL1wk9Cthy7Qv0xp5dag5uq/0TzeHC6jz5dEWp2U=
EKYZR/MUb32uiaR/bHdy2oYgOMJxdxrhIlhu8h+NTGC/inBoGUepRp4Q5kCWql+cJZnH8ssbp2Y=
wW2ImxNjiB7ZH/6fjQt0CTT2+FW7pmre2fVRTaACL1wk9Cthy7Qv0x94da85uq/0TzeHC6jz5dEWp2U=
Q0tlgnYnbUN7/y/e76iO+oYgOMJxdxrhIlhu8h+NTGC/inBoGUKoRpkQ5kCWql+cJZnH8ssbp2Y=
9HzOY66bUmi+MueKHTBpzzT2+FW7pmre2fVRTaACL1wk9Cthy7Qv0xx+daw5uq/0TzeHC6jz5dEWp2U=
7v8trgc2ewhHSf/1TUHy+YYgOMJxdxrhIlhu8h+NTGC/inBoGUGuRpoQ5kCWql+cJZnH8ssbp2Y=
6ZC1zi+dQYDXK6c/g0OJeTT2+FW7pmre2fVRTaACL1wk9Cthy7Qv0xl5das4uq/0TzeHC6jz5dEWp2U=
NnwfNykyKLQq/xolYSHMuIYgOMJxdxrhIlhu8h+NTGC/inBoGUSpRp0R5kCWql+cJZnH8ssbp2Y=
tkcJi8XxSSSXMwp42ShZRjT2+FW7pmre2fVRTaACL1wk9Cthy7Qv0xR4dak4uq/0TzeHC6jz5dEWp2U=
CFpEC7WUbEQtqRxhCuoA7oYgOMJxdxrhIlhu8h+NTGC/inBoGUmoRp8R5kCWql+cJZnH8ssbp2Y=
BPpRn0trkMtHrv3RPxTi+bCSsrGmuYkhFnifyZkrbgGb1eaRLYztwpg/gzXxOhZtj4q0ZPBaZsjPt70XbHJMgP8q8MjZKK8mX7Fm4NZKX3xlOUdSC3unBg==
f5DlMIORShsM4Ny12HKUyzT2+FW7pmre2fVRTaACL1wk9Cthy7Qv0xh+da84uq/0TzeHC6jz5dEWp2U=
Ddolaxn1AftoVWFWPd9CQ4YgOMJxdxrhIlhu8h+NTGC/inBoGUWuRpkR5kCWql+cJZnH8ssbp2Y=
XAQZuJTjE5A6tFuRncvJ7jT2+FW7pmre2fVRTaACL1wk9Cthy7Qv0xt4da04uq/0TzeHC6jz5dEWp2U=
dYYuZBiLh7N66EyQSYRqwoYgOMJxdxrhIlhu8h+NTGC/inBoGUaoRpsR5kCWql+cJZnH8ssbp2Y=
E9fzdy0oiFU9sZV5KQY6RzT2+FW7pmre2fVRTaACL1wk9Cthy7Qv0xR+da04uq/0TzeHC6jz5dEWp2U=
j2xcZZBNFibZgCqq8SIKu4YgOMJxdxrhIlhu8h+NTGC/inBoGUmuRpsR5kCWql+cJZnH8ssbp2Y=
ie50V0J1t3DToYFKE+vHVzT2+FW7pmre2fVRTaACL1wk9Cthy7Qv0xR6daw4uq/0TzeHC6jz5dEWp2U=
2z4xwh3zfSf2DeOjkjrO4YYgOMJxdxrhIlhu8h+NTGC/inBoGUmqRpoR5kCWql+cJZnH8ssbp2Y=
LBHnhOy21xlFAlvWucwG3jT2+FW7pmre2fVRTaACL1wk9Cthy7Qv0xR/daw4uq/0TzeHC6jz5dEWp2U=
BUbNCQlAfVhe4cbHGUiyL4YgOMJxdxrhIlhu8h+NTGC/inBoGUmvRpoR5kCWql+cJZnH8ssbp2Y=
oj/eOUxnLMuKEgK/VRRU8TT2+FW7pmre2fVRTaACL1wk9Cthy7Qv0xp+daw4uq/0TzeHC6jz5dEWp2U=
EZeisvPlFZGY+3wdFkg4xIYgOMJxdxrhIlhu8h+NTGC/inBoGUeuRpoR5kCWql+cJZnH8ssbp2Y=
aQHYIZIvnLuRDAM9dyGg/TT2+FW7pmre2fVRTaACL1wk9Cthy7Qv0xt+daI4uq/0TzeHC6jz5dEWp2U=
vd9I4MU/CNT0RWRdUQEy1oYgOMJxdxrhIlhu8h+NTGC/inBoGUauRpQR5kCWql+cJZnH8ssbp2Y=
FPuhM5wpLfk5oHNx/lTtufblmiDl0ZcgtvSszAdeIJRRje8KRGYWHL6Of3BdjdfOwx+nag==
baPihR48FmkQVFS18m1NA09ZMZV/uWDPqe4TEJbyaCwWmZpNBYFXcBZELHynjmBEMXbu+iS2VswePv/A/d0XniNvpxo=
GsLGMWsQbyiVjOCMR2UxUViF0OQwS0Dl8jOib0RfGhC4RvQ+vNxGPxmvqXJ0OuazwJsP9FEUf7lnBJN7yz6hwsfKQ6yblzOzBCO5OWKnEQ==
FgZ1Zb/PqDT8Jm1Ofkck+qJhPioHY3pNZ98CWNu1iwcLJr56LOfisx3wWwRVnbVMUS9hngtWRULRCDHH+ffWC5staKcb
xN1/V5MYOuWSWDZU7LavTU9aMZV/uWDPqe4TEJbyaCwWmZpNBYFXcBZELHynjmBEMXbu+iS2VswePv/A/d0XniNvpxo=
+IrpFYxPgDi3arppBO+PyFiF0OQwS0Dm8jOib0RfGhC4RvQ+vNxGPxmvqXJ0OuazwJsP9FEUf7lnBJN7yz6hwsfKQ6yblzOzBCO5OWKnEQ==
FgZ1Zb/PqDT8Jm1Ofkck+qJhPioHY3pNZ98CWNu1iwcLJr56LOfisx3wWwRVnbVMUS9hngtWRULRCDHH+ffWC5staKcb
pe3udorSwhpEel1Cz0eL+NxkO9p/ZxqxfWUnvF6QTGC/inBoGUWuRpwS5kCWql+cJZnH8ssbp2Y=
OMrpMEfgnBiqaCSguoO/sjdGh+pVGQ5oz4X8TaZTzHS3KhCaic9EFgaX2U4VqXdYRoxstPcmwOyh+25ytB72ZE72vwit9Te2M2enEg==
RKuic5m+HfttnhjR5xGYj5hWxiIe2j9V6vF6Q2fW072FUlsEAIS2ioon0b+k8gF0O4buHXMHRPjDSKA5Pxe6E5WA88Q9jb1sqX/cHnOGfSLZGBkHkUdea0MdcKcD
hhQ9/CUyDRJFrpR7tQ+f5vbZuR8KIsvN1DE6jM+8hDv/X4quz8xVWkBt/ZvKQC0U7vlxS1Qrm5z9tBNR01RnI3L+3RrzmreEt3dfmxBTrQF+pw0=
InP33gJrTVrEM0oD10Rm+gmrlgYoHsq6+XBVCskLXq6Ru/wwmGC0K1Uk4e1sQPLNmZBpe8/+oubcOnukSFo1gc7M6Oyuooq8byaBF1+gB32nDA==
4kCmi+xTDaG2P6a6TrfQSZhWxiIe2j9W6vF6Q2fW072FUlsEAIS2ioon0b+k8gF0O4buHXMHRPjDSKA5Pxe6E5WA88Q9jb1sqX/cHnOGfSLZGBkHkUdea0MdcKcD
hhQ9/CUyDRJFrpR7tQ+f5vbZuR8KIsvN1DE6jM+8hDv/X4quz8xVWkBt/ZvKQC0U7vlxS1Qrm5z9tBNR01RnI3L+3RrzmreEt3dfmxBTrQF+pw0=
wkRzqzBYrZodmtNB6p0svDT2+FW7pmre2fVRTaACL1wk9Cthy7Qv0xx4dak7uq/0TzeHC6jz5dEWp2U=
MzOoVgbZpv3+Bt12P3GQHoYgOMJxdxrhIlhu8h+NTGC/inBoGUGoRp8S5kCWql+cJZnH8ssbp2Y=
p/ZnzfcZkk7W+WZoL8PG8DT2+FW7pmre2fVRTaACL1wk9Cthy7Qv0xV/dak7uq/0TzeHC6jz5dEWp2U=
eDx0xzqzULJYfbetsYu9noYgOMJxdxrhIlhu8h+NTGC/inBoGUivRp8S5kCWql+cJZnH8ssbp2Y=
IzdODq/LhEMkFELetgwHVzT2+FW7pmre2fVRTaACL1wk9Cthy7Qv0x57dag7uq/0TzeHC6jz5dEWp2U=
QvFbieufB5tBLlPxFWaGtIYgOMJxdxrhIlhu8h+NTGC/inBoGUOrRp4S5kCWql+cJZnH8ssbp2Y=
xjrJA6EcOErYO2qQtZW2IjT2+FW7pmre2fVRTaACL1wk9Cthy7Qv0x96dag7uq/0TzeHC6jz5dEWp2U=
otJZBXByIK7ucVgRtXSRioYgOMJxdxrhIlhu8h+NTGC/inBoGUKqRp4S5kCWql+cJZnH8ssbp2Y=
YsQAlJpXAncdTQ7WOPTwITT2+FW7pmre2fVRTaACL1wk9Cthy7Qv0xR4dag7uq/0TzeHC6jz5dEWp2U=
xl9jzV7CJiSSboVXRRol+YYgOMJxdxrhIlhu8h+NTGC/inBoGUmoRp4S5kCWql+cJZnH8ssbp2Y=
jYSkn1dJc6s7f9GjVj402TT2+FW7pmre2fVRTaACL1wk9Cthy7Qv0xx/dag7uq/0TzeHC6jz5dEWp2U=
j/aDEYu9VoBJTvChbfPUCoYgOMJxdxrhIlhu8h+NTGC/inBoGUGvRp4S5kCWql+cJZnH8ssbp2Y=
2GJ4k0y+hQ0C9gfSk0jLCd9K+hzeBe0yvu4+YZKBSLqvqx5J1nFAWmw0Y7FjFLdDjf/tP6NaxyQH98/7wBOdIW6nHQ==
GYFlw+Umr3bebKKm9twuE3sXdPhLi8NdxeHso3y+03AYTj1kjihleP52orhPYimDz/TPGado
2nowu7739931RISrMTuXZJTfGlzKnexpywdb0XVNdE8cUovcqALlLktkvDTOWvpUL44xr//41xWnZA==
NbN/6PO4NbkZZEDBueerXB9+pM1yE7n+UMlpeyArMsNJcSGv42c86bGrFlk+EbgKtHTbATv037MNe2WOC/ofVP+3F6v4M7UxZqcV
I0qGlB3XzMgldz7JoS8i58uiJRo9l96+OR4dgb7iZTuqwlsmMlGqHqw5nYW/E30f4lXva0hl4GmmNqqExT3ljAEPU5v7MpWCgeihR0mXJkurDXinCw==
cBw87kpTMqQnd+JbVUedELKaqO/2788zXzrK77xqKRuAyqfDdMi2j9stmi2nFn0qgYKze7NMC6Xft70XeHFMgP8q8MjZIKsmWLJm4NZKX3xlOUdSC3unBg==
8H029c7QeG0/2b/VFwqATMyiIR8qhJGrfRQV0769bSWrz0EuNVGqHqw5nYW/E30f4lXva0hl4GmmNqqExT3ljAEPU5v7MpWCgeihR0mXJkurDXinCw==
KDICKxW7XKvDk9B7BTpQCs1G6wucBqo1u7V5f5uHVPm5qx5J1nFAWmw0Y7FjFLdDhfvtPqNaxyQH98/7wBOdIW6nHQ==
0e2vQCmsPyyc6FBtWmCrchx+pM1yE7n+UMlpeyArMsNJcSGv42c86bGrFlk+EbgKtHTbATv037MNe2WOC/ofVP+3F6v4M7UxZqcV
I0qGlB3XzMgldz7JoS8i58uiJRo9l96+OR4dgb7iZTuqwlsmMlGqHqw5nYW/E30f4lXva0hl4GmmNqqExT3ljAEPU5v7MpWCgeihR0mXJkurDXinCw==
q3JMbOcDLP8xJ5uuHEX0xbKZqO/2788zXzrK77xqKRuAyqfDdMi2j9stmi2nFn0qgYKze7NMC6Xft70XeHFMgP8q8MjZIKsmWLJm4NZKX3xlOUdSC3unBg==
8H029c7QeG0/2b/VFwqATMyiIR8qhJGrfRQV0769bSWrz0EuNVGqHqw5nYW/E30f4lXva0hl4GmmNqqExT3ljAEPU5v7MpWCgeihR0mXJkurDXinCw==
KDICKxW7XKvDk9B7BTpQCs1G6wucBqo1u7V5f5uHVPm5qx5J1nFAWmw0Y7FjFLdDhfvtPqNaxyQH98/7wBOdIW6nHQ==
15GvxaBww3kuXHr2PvHPBLLacwjs7XpA3wefFunCBhaFQwBQf43hpIRqRF1ZUYrq0Q+2hssjQORApDUPQ/Pk1LGHgHMWaVTNVM7yDPxOs0DY3t06ifgE6L5GQsjP0glzj2RvSac4
2qTnnn6i6oFnkNCxn7XVhbLacwjs7X9A3wefFunCBhaFQwBQf43hpIRqRF1ZUYrq0Q+2hssjQORApDUMQ/Pk1LGHgHMWaVTNVM7yDPxOs0DY3t0yiPgE6L5GQsjP0glzj2RvSac4
/fJURIFNipEXCvTB+XhbbbLacwjs7XpA3wefFunCBhaFQwBQf43hpIRqRF1ZUYrq0Q+2hssjQORApDUMQ/Pk1LGHgHcfflPNVM7yDPxOs0DY3t0wiPgE6L5GQsjP0glzj2RvSac4
MN8OgSh5cepbv8PJtOQd/LLacwjs7XlA3wefFunCBhaFQwBQf43hpIRqRF1ZUYrq0Q+2hssjQORApDUPQ/Pk1LGHgHcfflPNVM7yDPxOs0DY3t00iPgE6L5GQsjP0glzj2RvSac4
oZOEyalPK1SzoqYv3K6DQrLacwjs7XpA3wefFunCBhaFQwBQf43ipIRqRF1ZUYrq0Q+2hssjQORApDUOQ/Pk1LGHgHMWaVTNVM7yDPxOs0DY3t06iPgE6L5GQsjP0glzj2RvSac4
i8OKY4+b+cCOqg0BB6I437Lacwjs7XlA3wefFunCBhaFQwBQf43ipIRqRF1ZUYrq0Q+2hssjQORApDUJQ/Pk1LGHgHMWaVTNVM7yDPxOs0DY3t06iPgE6L5GQsjP0glzj2RvSac4
4D8OZFpGBkOiV1fukult1LLacwjs7XpA3wefFunCBhaFQwBQf43ipIRqRF1ZUYrq0Q+2hssjQORApDUOQ/Pk1LGHgHcfflPNVM7yDPxOs0DY3t0zj/gE6L5GQsjP0glzj2RvSac4
p1g/8oriN0fLis5qZz2VmrLacwjs7XlA3wefFunCBhaFQwBQf43ipIRqRF1ZUYrq0Q+2hssjQORApDUJQ/Pk1LGHgHcfflPNVM7yDPxOs0DY3t02j/gE6L5GQsjP0glzj2RvSac4
7e53J1vQaF4vDsXcVaJpIjNFhusbT0dqjIH5XqVVx2n5YBneyc5DHwvQizF3221TII1stPcmwOyh+mtysx72ZE72vwit9Te2M2enEg==
wUJ7pI3rqXrIGTU+FlmH9/TpzG1Anfr0WEJJ97ied/88DHbDA5nq8Q9y3Yb5FiMHO8iLKUfDDYsQ1azsR/6gdBFi6+oDhpa8/q5/UJ0tV64Df6cK
5xZzMGrdOPiPezNpb7fu9by3r4uOB7z917VmErVUFFlVyPiMqStxOXnxpLSfwXjellWPY1Kf27CNoAUcKxkfusvf61mVBWR3XKobFIgKFXDLvM887hJqLO+2IWefcGdNpzw=
tGJGRVV9qQhk8Wg6hrj/hM1G6wucBqo1u7V5f5uHVPm5qx5J1nFAWmw0Y7FjFLdDg/vtPaNaxyQH98/7wBOdIW6nHQ==
Q/IC8qr/REejx410saWyBjT2+FW7pmre2fVRTaACL1wk9Cthy7Qv0xR7da07uq/0TzeHC6jz5dEWp2U=
bXdHzgSgoaKnvMAbAp15a4YgOMJxdxrhIlhu8h+NTGC/inBoGUmrRpsS5kCWql+cJZnH8ssbp2Y=
YuRoflbDmjRNHoEKx4OvOd9K+hzeBe0yvu4+YZKBSLqvqB5J1nFDWmw0Y7FjFLdDjPrtPaNaxyQH98/7wBOdIW6nHQ==
aAffv0x+g/TC5ZPdlQ2CGZTfGlzKnex0yAdb0XVOdE8cUovcqALlKE9kvzTOWvpUL44xr//41xWnZA==
dw7YmTrii62LEHdgbEu90YgAow/aBeYws/5sc4mHUrqvqB5J1nFDWmw0Y7FjFLdDg//tPaNaxyQH98/7wBOdIW6nHQ==
ts75HH5KLuXimx3J2J81sWoeg6Bs8GsnGyVBW2Xc4sEIDGiLkn2MhMj3OyE1nhTfnMIrDOgyxRhPVJ8EDgpaxK8e0f8/iDdlpxQ=
76hM0lkM1T3EfMa5hf87s0VzmI9jLBSLCUKyrJ7T0ulfYEyA8/4aJuZm4WhQlfhJTUZiRI3tTSz5n+0fg6Et4mm46YcBpw4rsz1gpxM=
3hPoGHxenFiOmIdubSYTl20eh6V74yQyXy9JCWWD6t8JAXKDlX2MhMj3OyE1nhTfnMIrDOgyxRhPVJ8EDgpaxK8e0f8/iDdlpxQ=
voN5Ly0O+cXE3UWolw9ZyNwtJdEwOgjFHxc9tDiRTGC/inBoGUavRpsS5kCWql+cJZnH8ssbp2Y=
Raw1f6prorvQqVkdl1r0UYsAow/aBeYws/5sc4mHUrqvqB5J1nFDWmw0Y7FjFLdDg//tPaNaxyQH98/7wBOdIW6nHQ==
ts75HH5KLuXimx3J2J81sWoeg6Bs8GsnGyVBW2Xc4sEIDGiLkn2MhMj3OyE1nhTfnMIrDOgyxRhPVJ8EDgpaxK8e0f8/iDdlpxQ=
aAg0043mhHkwbszBJez7I0VwmI9jLBSLCUKyrJ7T0ulfYEyA8/4aJuZm4WhQlfhJTUZiRI3tTSz5n+0fg6Et4mm46YcBpw4rsz1gpxM=
3hPoGHxenFiOmIdubSYTl20eh6V74yQyXy9JCWWD6t8JAXKDlX2MhMj3OyE1nhTfnMIrDOgyxRhPVJ8EDgpaxK8e0f8/iDdlpxQ=
voN5Ly0O+cXE3UWolw9ZyNwtJdEwOgjFHxc9tDiRTGC/inBoGUavRpsS5kCWql+cJZnH8ssbp2Y=
cbCC/c0yVzgsqKJvkFA+r3sXdPhIi8NdxeLso3y+03AYTj1ijihneP52orhPYimDz/TPGado
SuFCinmPgx2JY6BD9BboUNwqMtcwJwjFHxc9tDiRTGC/inBoGUOuRpsS5kCWql+cJZnH8ssbp2Y=
KQOzCUflSC5BrmVB8oL2YZTfGlzKnexpyAdb0XVOdE8cUovcqALlKUtkvjTOWvpUL44xr//41xWnZA==
yP3lMvz/VHBYIKOjRHUftovi2o2etV3aiUBFvKt535rI/ys5FaYkl1yK23QIqlWeytwOnG7yKgzv1uHHH5Anbacc
VVnMTEwV/QloondxyEaJ6R9+pM1yE7n+UMlpeyArMsNJcSGv42c86bGoFlk+EbsKtHTbATv037MFemWMC/ofVP+3F6v4M7UxZqcV
JnSLHzS2RUKqg556DBBCm8uiJRo9l96+OR4dgb7iZTuqwlsmMlGqHqw5nYW/E30f4lXvaEhl4GmlNqqExT3ljAEPW5r7MJWCgeihR0mXJkurDXinCw==
moPTyKWt73V9fzG6dyIo6LKaqO/2788zXzrK77xqKRuAyqfDdMi2j9stmi2nFn0qgYKze7NMCKXft70UeHFMgP8q8MjZKKomWrJm4NZKX3xlOUdSC3unBg==
kS0+2BhVeExqaHtRnlLdLsyiIR8qhJGrfRQV0769bSWrz0EuNVGqHqw5nYW/E30f4lXvaEhl4GmlNqqExT3ljAEPW5r7MJWCgeihR0mXJkurDXinCw==
SS4mzxsPqg5DW/lENpUGws1G6wucBqo1u7V5f5uHVPm5qB5J1nFDWmw0Y7FjFLdDjfrtPKNaxyQH98/7wBOdIW6nHQ==
enoABIayVCoGfFGLcv0nBhx+pM1yE7n+UMlpeyArMsNJcSGv42c86bGoFlk+EbsKtHTbATv037MFemWMC/ofVP+3F6v4M7UxZqcV
JnSLHzS2RUKqg556DBBCm8uiJRo9l96+OR4dgb7iZTuqwlsmMlGqHqw5nYW/E30f4lXvaEhl4GmlNqqExT3ljAEPW5r7MJWCgeihR0mXJkurDXinCw==
QIywn9foDsUVlXtflZs2LLKZqO/2788zXzrK77xqKRuAyqfDdMi2j9stmi2nFn0qgYKze7NMCKXft70UeHFMgP8q8MjZKKomWrJm4NZKX3xlOUdSC3unBg==
kS0+2BhVeExqaHtRnlLdLsyiIR8qhJGrfRQV0769bSWrz0EuNVGqHqw5nYW/E30f4lXvaEhl4GmlNqqExT3ljAEPW5r7MJWCgeihR0mXJkurDXinCw==
SS4mzxsPqg5DW/lENpUGws1G6wucBqo1u7V5f5uHVPm5qB5J1nFDWmw0Y7FjFLdDjfrtPKNaxyQH98/7wBOdIW6nHQ==
Bf59FNvOlFnwMoEqGLNbrTNFhusbT0dqjIH5XqVVx2n5YBneyc5DHwvQiDF3221QII1stPcmwOyh+Wlysh72ZE72vwit9Te2M2enEg==
N31DJM0dzLJzo/3Dic7tmPTpzG1Anfr0WEJJ97ied/88DHbDA5nq8Q9y3Yb5FiMHO8iIKUfDDYgQ1azsR/6gdBFh6eoChpa8/q5/UJ0tV64Df6cK
000ULaY8Ng+jsyHqLavAiby3r4uOB7z917VmErVUFFlVyPiMqStxOXnxpLSfwXjellWPY1Kf27CNoAUcKxkfusjf61mVBmR3XKobFIgKFXPJvM487hJqLO+2IWefcGdNpzw=
UKQu0tAEULALWhPQX8ZdNM1G6wucBqo1u7V5f5uHVPm5qB5J1nFDWmw0Y7FjFLdDgPntPKNaxyQH98/7wBOdIW6nHQ==
xTpzik5fHbJZPQh1k54yEeREncJnCC4ZnXRscmgIYoc5dBDxtScWYyAQLypGaTKb567olYfucE7yBfK7tJAzeuQIPNni6qm1kHJaNgJiGJhxuF1ErS3trFlfzB9jYE1iifiJh+HnrqsTfUCnMw==
Fhhg4k+D6bjlAxXSuWVSlUt6IHCJwniegEzIpIIZrwSbZja/qPqmnKmqwOW0A1EifiURgsbWFKlU2xI81aJSZGppNCYf7dY+mP/TKV7AR3SLdPtB23S/c+1+RUyrer+Un7f365izFXFGpzU=
UUZcri/edTWsi7v1WQ9najRFhusbT0dqjIH5XqVVx2n5YBneyc5DHwvQizF3221TII1stPcmwOyh+W5ysh72ZE72vwit9Te2M2enEg==
omUFoyLIbgOftYtP3zsGI/TpzG1Anfr0WEJJ97ied/88DHbDA5nq8Q9y3Yb5FiMHO8iLKUfDDYsQ1azsR/6gdBFh7uoChpa8/q5/UJ0tV64Df6cK
gFYGQUIiHhNacYWM92J+YLy3r4uOB7z917VmErVUFFlVyPiMqStxOXnxpLSfwXjellWPY1Kf27CNoAUcKxkfusvf61mVBWR3XKobFIgKFXPOvM487hJqLO+2IWefcGdNpzw=
kzpHEngSBTGNmntXDw3cf81G6wucBqo1u7V5f5uHVPm5qx5J1nFAWmw0Y7FjFLdDgP7tPKNaxyQH98/7wBOdIW6nHQ==
mDvROzAA5kTmd8c6HBLiTwwbMttdEdXXLzfgQQUrovFiwfTywJTPGTfE45vcPrHk94qTzGsXoxO04+nZEqdh
nhx1QOgeKgHvVzSMVE0bvDT2+FW7pmre2fVRTaACL1wk9Cthy7Qv0xV+daw7uq/0TzeHC6jz5dEWp2U=
xcMTpUHA/5lsSCDEXvYVd4YgOMJxdxrhIlhu8h+NTGC/inBoGUiuRpoS5kCWql+cJZnH8ssbp2Y=
YgE5WxoYAey0wjU97dutPTT2+FW7pmre2fVRTaACL1wk9Cthy7Qv0xp5daM7uq/0TzeHC6jz5dEWp2U=
X+FjPC/2galRpkdibEr2aYYgOMJxdxrhIlhu8h+NTGC/inBoGUepRpUS5kCWql+cJZnH8ssbp2Y=
LcG3DG21bAMge0jCGXCos4vi2o2etV3aiUBFvKt535rI/ys5FaYkl1yK23QIqlWXyNwBnG7yKgzv1uHHH5Anbacc
OLOs6zFb+9OhLxRZDEOjGB9+pM1yE7n+UMlpeyArMsNJcSGv42c86bGoFlk+EbsKtHTbATv037MMeGWDC/ofVP+3F6v4M7UxZqcV
YZpZMTinjC/QY/uFADeymsuiJRo9l96+OR4dgb7iZTuqwlsmMlGqHqw5nYW/E30f4lXvaEhl4GmlNqqExT3ljAEPUpj7P5WCgeihR0mXJkurDXinCw==
h0onOmYcWpGuJdldChRI/LKZqO/2788zXzrK77xqKRuAyqfDdMi2j9stmi2nFn0qgYKze7NMCKXft70UeHFMgP8q8MjZIagmVbJm4NZKX3xlOUdSC3unBg==
eW3E1yvWY/ebDwIuwmxHjcyiIR8qhJGrfRQV0769bSWrz0EuNVGqHqw5nYW/E30f4lXvaEhl4GmlNqqExT3ljAEPUpj7P5WCgeihR0mXJkurDXinCw==
ohhfeH2f5TimKtXmmzWWec1G6wucBqo1u7V5f5uHVPm5qB5J1nFDWmw0Y7FjFLdDhPjtM6NaxyQH98/7wBOdIW6nHQ==
owlcmrCY9Uo4YGJarQeZ4Rx+pM1yE7n+UMlpeyArMsNJcSGv42c86bGoFlk+EbsKtHTbATv037MMeGWDC/ofVP+3F6v4M7UxZqcV
YZpZMTinjC/QY/uFADeymsuiJRo9l96+OR4dgb7iZTuqwlsmMlGqHqw5nYW/E30f4lXvaEhl4GmlNqqExT3ljAEPUpj7P5WCgeihR0mXJkurDXinCw==
+6/np28RbT4zTHhdjuNR0rKaqO/2788zXzrK77xqKRuAyqfDdMi2j9stmi2nFn0qgYKze7NMCKXft70UeHFMgP8q8MjZIagmVbJm4NZKX3xlOUdSC3unBg==
eW3E1yvWY/ebDwIuwmxHjcyiIR8qhJGrfRQV0769bSWrz0EuNVGqHqw5nYW/E30f4lXvaEhl4GmlNqqExT3ljAEPUpj7P5WCgeihR0mXJkurDXinCw==
ohhfeH2f5TimKtXmmzWWec1G6wucBqo1u7V5f5uHVPm5qB5J1nFDWmw0Y7FjFLdDhPjtM6NaxyQH98/7wBOdIW6nHQ==
n+LTUq+WsvZJsTzo4+XcBDNFhusbT0dqjIH5XqVVx2n5YBneyc5DHwvQiDF3221QII1stPcmwOyh+mhyvR72ZE72vwit9Te2M2enEg==
f2hf47MrJ8xfbyKVvLMz8/TpzG1Anfr0WEJJ97ied/88DHbDA5nq8Q9y3Yb5FiMHO8iIKUfDDYgQ1azsR/6gdBFi6OoNhpa8/q5/UJ0tV64Df6cK
xI50qUu/kIxCfcFNoCfkO7y3r4uOB7z917VmErVUFFlVyPiMqStxOXnxpLSfwXjellWPY1Kf27CNoAUcKxkfusjf61mVBmR3XKobFIgKFXDIvME87hJqLO+2IWefcGdNpzw=
NwvCN3CFJICegklQP98DCc1G6wucBqo1u7V5f5uHVPm5qB5J1nFDWmw0Y7FjFLdDg/jtM6NaxyQH98/7wBOdIW6nHQ==
o0BTKVpRk2PJM4YUbf6RRgwbMttdEdXXLzfgQQUoovFiwffywJTPGTfE45vfOLHr94qTzGsXoxO04+nZEqdh
or7i+VR1jdbeEmNAYdd5nU12+6nSWeBq2hvIX+QjtuEURbCpmu546NQdBNnh/sak6TXhnCXXLFtHZnESBWDNp+Xf4juPNWSnFw==
6+vTTNwe3DNrxFtgDlNH899K+hzeBe0yvu4+YZKBSLqyqB5J1nFDWmw0Y7FjFLdDhvvtMqNaxyQH98/7wBOdIW6nHQ==
tpp+d5zxDa0Ty1jwNZaKqU12+6nSWeBq2hvIX+QjtuEURbCpmu5469QdBNni/sak6TXhnCXXKllHZnESBWDNp+Xf4juPNWSnFw==
YPhd1+FzGmtdrZZp5C6P8d9K+hzeBe0yvu4+YZKBSLqyqx5J1nFAWmw0Y7FjFLdDgPntMqNaxyQH98/7wBOdIW6nHQ==
0VprztvcLRFKY7Wwt257iAupKyeg2bkRZTW14LZfUQTgyliyoodU5hN8OYLkDRkjptCRnGp59cPou3ckmVS3CT/kO+syuxlTrmqb3FNXe2M8Q1EJeqcJ
8+6EWAIGXeLWKHa33E2qW4ennMDYsBSb1VQBvaxw0t2ZgElLD65CllyK23QIqlWQy9wJnW7yKgzv1uHHH5Anbacc
514Cdt0Whoy0nh7q0riHEjybm7kDSfHijw4kHnqHgq9xg2Y6No/jaF/LgIhn0Cy5s48e49HID+Qhhbl8TUee27//2LJdkIVnLY8aW6cFfKcP
SEacL2FNIx0LBjz3fL5JHAGWkCopn4RG5ufZPvX5twjmPOwEV/aAPMENaoLVz7a07kY/uA2l9+bTF6di
p9YqAa/mxPHmvsMQ+kdy30B956nEWfZs2BzcSPU5sahEW/+2hqYo+qB/dsPpmMek6TXhnCXXK1pHb3ASBWDNp+Xf4juPNWSnFw==
/yfytIpzhXUg7EJcZ8NOs80oP9V+YRqxfWUnvF6QTGC/inBoGUmqRp0T5kCWql+cJZnH8ssbp2Y=
Ss/jwF9c2a4pRNcGyqCnNdxkO9p/ZxqxfWUnvF6QTGC/inBoGUmqRp0T5kCWql+cJZnH8ssbp2Y=
JieKqUjejLenhg5B0jRm5BBc8rVMJnyaq9Zi5VbgEe/3rBV84OhdcRzcSlEZDNHnv2Iaejxmw3g4ho3TCpDRMd5+suCPOrkLL7w/YacQ
rt53EEhOXSbPNoWN0HIy+q+S/F22zHl9upy+GHULR+iquGYtIxpr3WTMClj2YP8tk/jVTxIgBQTm+XlbfMvDzAX0S6FrNI+T+XlVa1o6zzRvN2dLSHNFEXanBQ==
SDGoKQ6tFDA5NJwQcRqP6gyAr/UeJybDgnNYqtNFMwVLBXjP38KwJhG71JqOE1nSrT2HNO4oDEivkhCgabwprs3Lxkimkp80tQEnujtjpw4=
P7fLV4l9DXaxEkFeDOF3GVn6bWT4w+xDPmP1v/MBfWKw0Augv4tDpxBjKZvvWEknptCRnGp59cPou3ckmVS3CT/kO+s1uRlTrmqb3FNXe2M8Q1EJeqcJ
HHZ5vkN5tvC8i3kXNjdldfw2MCsBdzIOdZAKCIvzzFgbOLg5J+fisx3wWwRVnbVMUS9nmQtXRELRCDHH+ffWC5staKcb
UTVaC9ISivsFMXV4ynGiv3XD/eBgeP3BXAwqoRn8sTf/0rrqvPYjCPjWre4JoPHhno7ScA+qGbvv7N8Rp2A=
1U+7iUqTH+VYGBAOguUhVNxkO9p/ZxqxfWUnvF6QTGC/inBoGUKoRp0T5kCWql+cJZnH8ssbp2Y=
ASU3bhvbg5+3wWh8IB05YH0pOx2/MjC2sQsUym5jWcKNDcfkjtiM2A8i0PCJyS6+7fuGmMZiH6QVsefq2xOnHg==
yeuVPCX5qhBO6cnd0EC3VWxlPxK+NDC2sQsUym5jWcKNDcfkjtiM2A8i0PCJyS6+7fuGmMZiH6QVsefq2xOnHg==
w+JnmSbHkiqewv/MdtIPiBBc8rVMJnyaq9Zi5VbgEe/3rBV84OhdcRzcSlEZDNHnv2Iaejxmw3g4ho3bDpDRMd5+suCPOrkLL7w/YacQ
oiby0NiD2W21L9Ou0dor2a+S/F22zHl9upy+GHULR+iquGYtIxpr3WTMClj2YP8tk/jVTxIgBQTm+XlbfMvDzAX0S6FrNI+T+X5Va1o6zzRvN2dLSHNFEXanBQ==
rW4EZpEip/bSgOLXUwghRAyAr/UeJybDgnNYqtNFMwVLBXjP38KwJhG71JqOE1nSrT2HNO4oDEivkhCgabwurs3Lxkimkp80tQEnujtjpw4=
DqBNT2YEHkDnkQE1BRzsGFn6bWT4w+xDPmP1v/MBfWKw0Augv4tDpxBjKZvvWEknptCRnGp59cPou3ckmVS3CT/kO+s1vhlTrmqb3FNXe2M8Q1EJeqcJ
gk1LSSHhsvJ9UyQZR//8tvw2MCsBdzIOdZAKCIvzzFgbOLg5J+fisx3wWwRVnbVMUS9nngtXRELRCDHH+ffWC5staKcb
sA2vdP5UU6XZKJhjfZokMnXD/eBgeP3BXAwqoRn8sTf/0rrqvPYjCPjWre4OoPHhno7ScA+qGbvv7N8Rp2A=
IGUetnYfMRR+cFHUhLKpDUB956nEWfZs2BzcSPU5sahEW/+2hqYo+qB/dsPpmMek6TXhnCXXKlhHbXASBWDNp+Xf4juPNWSnFw==
SrsJvOkfJ+n+SrovpCdoUpTfGlzKnexpyAdb0XVOdE8cUovcqALlLk5kuzXOWvpUL44xr//41xWnZA==
iYwMKUFe7rq9xH2SSC04azNFhusbT0dqjIH5XqVVx2n5YBneyc5DHwvQiDF3221QII1stPcmwOyh/G5ytx/2ZE72vwit9Te2M2enEg==
4mZCORdNPRjQltDS/6owR/TpzG1Anfr0WEJJ97ied/88DHbDA5nq8Q9y3Yb5FiMHO8iIKUfDDYgQ1azsR/6gdBFk7uoHh5a8/q5/UJ0tV64Df6cK
vKUpOHaQ3pnxfoeitLbj6by3r4uOB7z917VmErVUFFlVyPiMqStxOXnxpLSfwXjellWPY1Kf27CNoAUcKxkfusjf61mVBmR3XKobFIgKFXbOvMs97hJqLO+2IWefcGdNpzw=
AQnxbLNa08j0MV6dkzGiCvTNpx7t3CI+r5+kGH8TE8i7o3BhIx1lk2/OG02kJqIlk/WRDxMnDAmhqAY5DtHLqgT0S6FrNI+T/X5VaVo6zzRvN2dLSHNFEXanBQ==
P9nn98gc2i6CCcQQgk4uQ5us2cPS/xuQjUBFvKt535rI/ys5FaYkl1yK23QIqlWWztwLnW7yKgzv1uHHH5Anbacc
WA848IaP2Y8mF1k3Jn2vs012+6nSWeBq2hvIX+QjtuEURbCpmu546NQdBNnh/sak6TXhnCXXK1tHbHASBWDNp+Xf4juPNWSnFw==
EaokZWFZxOI8Y9va4l+MIwwacMY47mDN56sAFZOgejcQg5pNBYFXcBZELHynjmBEMXbp+iG3VswePv/A/d0XniNvpxo=
IVLo/WFjkchPZ90s+uox9UB956nEWfZs2BzcSPU5sahEW/+2hqYo+qB/dsPpmMek6TXhnCXXKFhHa3ASBWDNp+Xf4juPNWSnFw==
UPa4yDIhkmY+l2bOUof9XdxkO9p/ZxqxfWUnvF6QTGC/inBoGUavRpkT5kCWql+cJZnH8ssbp2Y=
oodXwDRRC32g2bZfgd+lPi1fyfNu92snHCtKCXTa49hATDWFjGjC1ZmIWVMvlnLenMIrDOgyxRhPVJ0FDgpaxK8e0f8/iDdlpxQ=
Snm2eRJ6qgVIwQMUDWjV2gfdiqd+URWwp26wIQcALz77Qe4svZgBd17wuWxyee2zwJsP9FEUf7lnBJN7zz+hx8bKQ6yblzOzBCO5OWKnEQ==
qwzCfJZZYAcz6JswwD5Kj5xSxSMVwGEFvLdoHTOR+ZfJQAgKHJWgn4pl1aC9ukEpNJj/SCMDRPjDSKA5Pxe6E5WA88Q9jb1sqX/dH3ODfCLZGBkHkUdea0MdcKcD
O5wPBaZXiohp2LbNBjoGAfw2MCsBdzIOdZAKCIvzzFgbOLg5J+fisx3wWwRVnbVMUS9lnwtTRELRCDHH+ffWC5staKcb
DJhrfFWLmwjVbPHCotoXopnByUhDw+R4IwiAOR/X2pM1wBPEHU0d7Mm//R+Tw9yiudh5B7EHvuvj3RCnYw==
Ah4U25hBDGx3NmvtooOBUc0oP9V+YRqxfWUnvF6QTGC/inBoGUOuRpkT5kCWql+cJZnH8ssbp2Y=
Z5KpoYe1M/bSCWIC4hVCTtxkO9p/ZxqxfWUnvF6QTGC/inBoGUOuRpkT5kCWql+cJZnH8ssbp2Y=
iMcIVQHQGJqCH2sJCkslJhBc8rVMJnyaq9Zi5VbgEe/3rBV84OhdcRzcSlEZDNHnv2Iaejxmw3g4ho3ZDpDVMd5+suCPOrkLL7w/YacQ
O4k5RVynGlEFyI7Zs5Ve+XDpzUXj+TgcPJzvgz1cOCj02Zly8XkGbOj8rIhFWUEoh/voaF/AJLm7nyaDOfhXJJnVUdzVtxdbN0pAUvXAfSd1fzJ7XxV0pwc=
Eco1dDzSlfx+eH9sht1N4TA2M1AI6d+nN3Qk0I2QMioMfZJ90XM0REjU3M/1QAlZ/LR6SRkU4Y9fSkqCfN4TEJgu/UqLCCSZfpbiWE9CaSNPVA95pwg=
rOM0hwSRMjFb6hHpBEwjjJhWxiIe2j9V6vF6Q2fW072FUlsEAIS2ioon0b+k8gF0O4buHXMHRPjDSKA5Pxe6E5WA88Q9jb1sqX/TG3OCfCLZGBkHkUdea0MdcKcD
I3oiPAmgUzZKhAI9oFZlj0Am+8hgRrTuEcB1PndsPYoILTXr4mA15Pb5aTtMC7NstXTbATv037MFe2WOCvofVP+3F6v4M7UxZqcV
nJ1EFgKMUWxyrCTx7M+43mCpaMVUs8IR654/Lb68oAt+Ekjc3dGFF1klstAxAcZW69xRUjxNIdOOsImMYnn90/BbX1ShlO9Z10RDW7g6kaYWCjMMCxeDU1RjSRlypwE=
vpdoC6OQLYjZ7jnKUX/xMzA1M1AI6d+nN3Qk0I2QMioMfZJ90XM0REjU3M/1QAlZ/LR6SRkU4Y9fSkqCfN4TEJgu/UOKCCSZfpbiWE9CaSNPVA95pwg=
UL0fGNRgPJ2u++4Il/cU/ZhWxiIe2j9W6vF6Q2fW072FUlsEAIS2ioon0b+k8gF0O4buHXMHRPjDSKA5Pxe6E5WA88Q9jb1sqX/aGnOCfCLZGBkHkUdea0MdcKcD
oLwCVl79w6RSQHsVZiYAYkAm+8hgRrTuEcB1PndsPYoILTXr4mA15Pb5aTtMC7NstXTbATv037MMemWOCvofVP+3F6v4M7UxZqcV
bYA+E9eavK1MSPrE0vJ7Qd1B9k6fDOU6sO1tO5qAXfT++WErpGtLPG00Y7FjFLdDg/rtPqJaxyQH98/7wBOdIW6nHQ==
8TN46mF/BT5ZvcV68nVTznjY6uglNvTDQQM2uVr3sTf/0rrqvPYjCPjWrewKoPThno7ScA+qGbvv7N8Rp2A=
K4Oc1SPYdGhe5POsrA7GQxMk0ZNgYAfIG1elqoncm70beUyBsP0cOeZm4QY9hfhJTlJhRI3tTSz5n+8ag6Es4mm46YcBpw4rsz1gpxM=
ZGs35cMAnY9AJeQ6CEe8ZjT2+FW7pmre2fVRTaACL1wk9Cthy7Qv0xR/da06uq/0TzeHC6jz5dEWp2U=
zD3xfoPs+FNe2S0UKNbY/YYgOMJxdxrhIlhu8h+NTGC/inBoGUmvRpsT5kCWql+cJZnH8ssbp2Y=
Rr+92Iu1Z0wVPqsLEhgn3kB956nEWfZs2BzcSPU5sahEW/+2hqYo+qB/dsPpmMek6TXhnCXXL1pHaHASBWDNp+Xf4juPNWSnFw==
M6XScGsvBjKVT2/JuKZn9kg0/d52E7n+UMlpeyArMsNcLjavpX484uq6YjtMC7NstXTbATv037MKemWMCvofVP+3F6v4M7UxZqcV
WNnd8Fo1ipuUaB2F20unh4WTHlPLm+xpywdb0XVNdE8cUovcqALlK0tksTXOWvpUL44xr//41xWnZA==
7zX7z03pJwyy0e5dR1/fFZTfGlzKnexpywdb0XVNdE8cUovcqALlK0tksTXOWvpUL44xr//41xWnZA==
+VzVOOR6+ZYx92E60Lbr7jRFhusbT0dqjIH5XqVVx2n5YBneyc5DHwvQizF3221TII1stPcmwOyh+WtyvR/2ZE72vwit9Te2M2enEg==
EmhlDFyJYQ6y/G+P+GxbQfTpzG1Anfr0WEJJ97ied/88DHbDA5nq8Q9y3Yb5FiMHO8iLKUfDDYsQ1azsR/6gdBFh6+oNh5a8/q5/UJ0tV64Df6cK
q1quGYNwGSvu7Q05qn9vtLy3r4uOB7z917VmErVUFFlVyPiMqStxOXnxpLSfwXjellWPY1Kf27CNoAUcKxkfusvf61mVBWR3XKobFIgKFXPLvME97hJqLO+2IWefcGdNpzw=
P2TC3MUycpLnL/LAI02qb3caiad75CMxXyVCWzKH69hNCHWEi2HPksv3OyE1nRTfnMIrDOgyxRtLVJEFDgpaxK8e0f8/iDdlpxQ=
8iZbFvwCZd0qJ/M3+17TaJus2cPS/xuQjUBFvKt535rL/ys5FaUkl1yK23QIqlWTy9wBnW7yKgzv1uHHH5Anbacc
LdTzwwRPWuwxANUJA/IkNU12+6nSWeBq2hvIX+QjtuEURbCpmu5469QdBNni/sak6TXhnCXXLlpHZ3ASBWDNp+Xf4juPNWSnFw==
3E0VTzuGrmk7OEL8m216us0oP9V+YRqxfWUnvF6QTGC/inBoGUiqRpUT5kCWql+cJZnH8ssbp2Y=
u4OWzQ0yZbgkhObhzNZfTtxkO9p/ZxqxfWUnvF6QTGC/inBoGUiqRpUT5kCWql+cJZnH8ssbp2Y=
5DKtCuRaA+xBeSkgPMjRGTEoI3Vc88Kmf24OzZCTPzgWatN73HdyFQTG28SgEA1Z/LR6SRkU4Y9fSkqCfN4TEJgu/UqKCCmZfpbiWE9CaSNPVA95pwg=
SUl2GXNrcDgRlRfJxrW+3zwC+B9D2bebqLKX9ELGtrRlU/SinhtZyp0V58y+4MwQX/qwGPk4qjZ1YyYwdtrf7MXpB4Ira6cW
9RzPcKZNNlnwb5IVqAfKe3wrPFzyfnb8tQsUym5jWcKNDcfkjtiM2A8i0PCJwCq+5fuGmMZiH6QVsefq2xOnHg==
RxCU0/U6k6GjT7/Po3qna0g0/d52E7n+UMlpeyArMsNcLjavpX484uq6YjtMC7NstXTbATv037MPeWWDCvofVP+3F6v4M7UxZqcV
C3G7Xl4IMWDQt3eGemyJGkg0/d52E7n+UMlpeyArMsNcLjavpX484uq6YjtMC7NstXTbATv037MEeWWDCvofVP+3F6v4M7UxZqcV
OpPzEob4oCVehTrQDCqo5Eyv/GzXYZ1SzyKlOWOj8yE98RQVS3ujrYUxjDP8LnOgWH4dVokYSEk+JgIoz/LJ0w+EL2mnGA==
272F9IPqK0zsbO1pOjUGxEg0/d52E7n+UMlpeyArMsNcLjavpX484uq6YjtMC7NstXTbATv037MFf2WCCvofVP+3F6v4M7UxZqcV
3u7cnEYsZpGmh9pOM2juMEt6IHCJwniegEzIpIIZrwSbZja/qPqmnKmqwOW0A1EifiURgsbWFKlU2xI81aJSZGppNCYf7dY+nPbELl7AR3SLdPtB23S/c+x6RUqter+Un7f365izFXFGpzU=
3iZZ3HhtAx1i/PhGQbb9a+Pzo8be2KrXTirJhc3cz0Xz0gJ/a2MRgs+K6wcrcV8ZaKfd3tS7gsdbhetlYuBOiV4DAQvA8sm1XL3WIwB7vGxecmzUN8ZATGHValJ0uHaEjpa/6O2VtxZzR6cy
vYNBvm4i6Z0wmSY2TMiA4Ut6IHCJwniegEzIpIIZrwSbZja/qPqmnKmqwOW0A1EifiURgsbWFKlU2xI81aJSZGppNCYf7dY+nPbELl7AR3SLdPtB23S/c+15RUqter+Un7f365izFXFGpzU=
nxt7m+AJD4ZOFDEg7X/1dtJ4EyYSiivTPHl2Ta36SiC+/x/skVwCehmQmt+I0hM2Nn1SBuFD7koL7xio8EjtoDdcfDgBCxj7n/LLQeQiaqCc4musaJKF+kk0WKKOqprkr/4Rn79od0WnNA==
trBVQl3EwHywP/+RGOk+7dJ4EyYSiivTPHl2Ta36SiC+/x/skVwCehmQmt+I0hM2Nn1SBuFD7koL7xio8EjtoDdcfDgBCxj/luXMQeQiaqCc4musaJKF+Ek0WKKOqprkr/4Rn79od0WnNA==
xoIi/YcR2uUZmUzTXiisYUp6IHCJwniegEzIpIIZrwSbZja/qPqmnKmqwOW0A1IifiURgsbWFKlU2xI81aJSZGppNCYf7dY+mP/TKV7AR3SLdPtB23S/c+V5RUqter+Un7f365izFXFGpzU=
mrcC0TthmYuEYpgPFF8z/uPzo8be2KrXTirJhc3cz0Xz0gJ/a2MRgs+K6wcrcV8aaKfd3tS7gsdbhetlYuBOiV4DAQvA8sm1XLnfNAd7vGxecmzUN8ZATGHdaFJ0uHaEjpa/6O2VtxZzR6cy
ZHhBM6ISysZNNqubitDgAJTfGlzKnexpywdb0XVNdE8cUovcqALlJk9kuDLOWvpUL44xr//41xWnZA==
pCs24yG1wvUivFCd69QjoJqu3oKfs13aiUBFvKt535rL/ys5FaUkl1yK23QIqlWfz9wImm7yKgzv1uHHH5Anbacc
opPfybt46/+8VQHzopfhQovi2o2etV3aiUBFvKt535rL/ys5FaUkl1yK23QIqlWfz9wImm7yKgzv1uHHH5Anbacc
fn9J64EgDgKk2pDdZiiMYjRFhusbT0dqjIH5XqVVx2n5YBneyc5DHwvQizF3221TII1stPcmwOyh9W9ytBj2ZE72vwit9Te2M2enEg==
WhVHBiYeUhvqO8tJtos3F/TpzG1Anfr0WEJJ97ied/88DHbDA5nq8Q9y3Yb5FiMHO8iLKUfDDYsQ1azsR/6gdBFt7+oEgJa8/q5/UJ0tV64Df6cK
XtwW8GFx3cq1ZA4vyeKTN7y3r4uOB7z917VmErVUFFlVyPiMqStxOXnxpLSfwXjellWPY1Kf27CNoAUcKxkfusvf61mVBWR3XKobFIgKFX/PvMg67hJqLO+2IWefcGdNpzw=
sZc9Ii2aowi8dr1qNJHGHncaiad75CMxXyVCWzKH69hNCHWEi2HPksv3OyE1nRTfnMIrDOgyxRdPVJgCDgpaxK8e0f8/iDdlpxQ=
5EJiLXhYQS7qyihYYz3LhJus2cPS/xuQjUBFvKt535rL/ys5FaUkl1yK23QIqlWfz9wImm7yKgzv1uHHH5Anbacc
j+6d9nTofslQJ5deEhsLP012+6nSWeBq2hvIX+QjtuEURbCpmu5469QdBNni/sak6TXhnCXXKl5HbncSBWDNp+Xf4juPNWSnFw==
P4q2JSLf4L7dPySe+ynRH0g0/d52E7n+UMlpeyArMsNcLjavpX484uq6YjtMC7NstXTbATv037MJe2WJDfofVP+3F6v4M7UxZqcV
L9qW/4rR/prQfOVznz3VtTT2+FW7pmre2fVRTaACL1wk9Cthy7Qv0xh5dak9uq/0TzeHC6jz5dEWp2U=
MMDjErELjwOcfMNJ6xaRF4YgOMJxdxrhIlhu8h+NTGC/inBoGUWpRp8U5kCWql+cJZnH8ssbp2Y=
2d/UFhY4slJAvQ9demhizjT2+FW7pmre2fVRTaACL1wk9Cthy7Qv0xh4dak9uq/0TzeHC6jz5dEWp2U=
wxhbMvzqN66p0PHkVzHHP4YgOMJxdxrhIlhu8h+NTGC/inBoGUWoRp8U5kCWql+cJZnH8ssbp2Y=
eKWmUhcmXVviKDeYds/+uzT2+FW7pmre2fVRTaACL1wk9Cthy7Qv0xV/dak9uq/0TzeHC6jz5dEWp2U=
P84COiD9jpypetHZb8jDBYYgOMJxdxrhIlhu8h+NTGC/inBoGUivRp8U5kCWql+cJZnH8ssbp2Y=
dDZHfippuAytdTnyMUht1DT2+FW7pmre2fVRTaACL1wk9Cthy7Qv0xp+dak9uq/0TzeHC6jz5dEWp2U=
e1x3NC7ienDUo9A2Pkr/JoYgOMJxdxrhIlhu8h+NTGC/inBoGUeuRp8U5kCWql+cJZnH8ssbp2Y=
Q1+GGSDVIPyv+zzgINbimTJ6jpJirLGQ+/8BI2szdW4dzn1JqanC2tss76l+JKuA5QAyUVjPhNf2iKSYt4Xb0MXuE8TaGj2hwX2Bree9DSh0YYljAHVkVJFxSGt8/lOwGI69K47o4z7+NiJ4TyKpw880T1mnKA==
GKGfUkH2aloy/7qRfhDvuRs2gsM5O3zJY60Db/sNzRP+FFZmXSIYd8v0uxq30Ezg7Zu5ZhMdsv4UrEWqGi+JQ6xKa34Bv8Lqs9sOo26a/cNzSbDwzVVnyYh6Iq2GpOJBbu1XWder8yZCfd6y7YFREFC8LejavCgrfHCsqqaLMVwejpsh23MGPO8xoQ+41GcpryQrS+i+ybG5qgs8g9eLg8yDoemKp/k=
KGszWFXUF4A/W8vma7i88Wwc7ayO1WD3Sny+sbgPgMns2KKb8VJ4TKjaSNeOTH8WPMatwUjd8AJoJ2dCnf1+lFRkX+GMijcZsWOihs1yTb8K+EV03+FGxY/bTMk/XzkIExLrsOCbMWlAQNmKvjEYwnJPTJtd9ewrKFsDusKP+iTLftPlmpaddl31LNxnbuBkcR3ummeQ1izenv9gvb2XvuOPp/o=
mkwB++y53Zp8JbVu6qJy7QQheBAOI9uCr4F4Jgsxwp+atP55aGegIfzQopPhulgkeBIIH14k3/6sTi1J2DVQarjvJ4pNlV58RGxf6ZxiF3Fhq+JOHRrtV5pwxfxPCeatXxMMAe83GeADGuu48HMRAZCImUJuWbgq4sfME80dTEP4k0NyEufazNt20+2Kfr0ejT1sFLcGQIzhlW4S93h2RA5Wv6ht1bdW84en8g==
5XqJLwAAMm+PGxZ+BVqvEbaO2RMt2ShHZojKYyFL51LMheaizgt8Wbgr8NaikeW0UB5kZBgNKjrnlEBoDav8G7gwhDlXuJnrhrYIqh+rWCxfiz0dMhypxJX9NhYlXivnTjejhbzze4mBao+cazp0/Zm7DH4J0JrHAMCOYWxxabMkmUTFs8BGGYKGFzATL86wdWRRCzzGg1i4ps1zDjATFl5eckCP2nnrr1z/gafw
qVSW24yBvIz43HZ7jhOYuAgtXOOegnznC91Wao5DjAGY0+Deopn1THBGlCxYxZpiByzQ4I0jbKPY6DRxl3DpM6bOGKIfo0hUf1NN1fJUGRz1Raaepda7X65vE038u4vRoZKflGsyZAW54/w2SRgqn+B4Huns+fkLREH0jXMINsGi/gc4EyfeyFW8IcP8jjOA2B5d+464g66+BsKIz5KJs4+k74mn+A==
9AneQLehiNspHiyxoiyT9VA/iMRpL3nSertQKOEW2gb+FFZmXSIYd8v0uxq30Ezg7Zu5ZhMdsv4UrEWqGi+JQ6xKa34Bv8Lqs9sOo26a/cNzSbDwzVVnyYh6Iq2GpOJBbu1XWder8yZCfd6y7YFREFC8LejavCgrfHCsqqaLMVwejpsh23MGPO8xoQ+41GcpryQrS+i+ybG5qgs8g9eLg8yDoemKp/k=
0rh8kLS5fIDfKdZzdTwcCggtQe+YkGfuO91Wao5DjAGY0+Deopn1THBGlCxYxZpiByzQ4I0jbKPY6DRxl3DpM6bOGKIfo0hUf1NN1fJUGRz1Raaepda7X65vE038u4vRoZKflGsyZAW54/w2SRgqn+B4Huns+fkLREH0jXMINsGi/gc4EyfeyFW8IcP8jjOA2B5d+464g66+BsKIz5KJs4+k74mn+A==
5lz7Wz5R3WldWcx/fdFavxB7w1Kv3QGxzlRObKZDJWbnaNBz8pDeBXBTsC301KKP2a4oCFB26CMG0I+yZArtlaDh4AZQS4d21SHO8Mzo33Uk9ufdyU+C8sVuPZvStIWgt13WQTc3LH33AwnsCx7rpMhnYS247Hl+Nq3oZiqDDM+1yfwvEDfjjopTSkBT8lNxMupNsiXZDKhvcpBAqVEuTg8sRqhmcp/UdeGnWvuDp+4=
YH0Y5J+O11wz/Xc0K55Gq58lUNn5/0uyXMY4LRuxjkbub5RtqN/40qKV7UBAKowAOOlCDjfgiKxNbzRvaITs3ffccV8WQoAuny/Q2M8/1XmS+MFwRYn+0mWa45OeA8thnJeTvZGeh5hrPnwJiY/kGik08vPQtEalLLWhx/QtLCETpK6tEnKftJOrRkTl0LlvnCLr7GjSBbdO9NtijmoapK++kd+/qPeFp/Q=
H6hrgVGy4BhTK3pUVMRf6p4sTc7//AKgDMgkJx7wugjidZx4qN/40qKV7UBAKowAOOlCDjfgiKxNbzRvaITs3ffccV8WQoAuny/Q2M8/1XmS+MFwRYn+0mWa45OeA8thnJeTvZGeh5hrPnwJiY/kGik08vPQtEalLLWhx/QtLCETpK6tEnKftJOrRkTl0LlvnCLr7GjSBbdO9NtijmoapK++kd+/qPeFp/Q=
CgJDB5yzcI8SMhDkdeb7tTT2+FW7pmre2fVRTaACL1wk9Cthy7Qv0xR+dak9uq/0TzeHC6jz5dEWp2U=
VKUs/QMQrlnkuGjjIYcoPYYgOMJxdxrhIlhu8h+NTGC/inBoGUmuRp8U5kCWql+cJZnH8ssbp2Y=
yQ38kYTJpb6X7u3VLkGAZtG70I+EsA6KxURPr7Y22NeMyQs5SvgaglyK23QIqlWfztwLmm7yKgzv1uHHH5Anbacc
tZaz5ZnJnDi1qrTTSJtoUEg0/d52E7n+UMlpeyArMsNcLjavpX484uq6YjtMC7NstXTbATv037MFeWWPDfofVP+3F6v4M7UxZqcV
oc42FGx4AOOZx+bTDxhLYE12+6nSWeBq2hvIX+QjtuEURbCpmu5469QdBNni/sak6TXhnCXXKVhHa3cSBWDNp+Xf4juPNWSnFw==
Ou6aLUJ78NOkEcOUts6cT5HlElk1lZ+5LR4fzeKwKmvzmxV7fxK4B7Rvse74HXUY/Rb5BiV14GmmIqmExT3ljAEPVZv7MpOCgeihR0mXJkurDXinCw==
n8+uYPofz5LsrZ6K0cnXHc0oP9V+YRqxfWUnvF6QTGC/inBoGUKrRpsU5kCWql+cJZnH8ssbp2Y=
SiuHPHOX/wYSh0C+aisrEtxkO9p/ZxqxfWUnvF6QTGC/inBoGUKrRpsU5kCWql+cJZnH8ssbp2Y=
opiSN3Kg04o88KE3K3ueGUVzmIdyMw2LCFSjupLA0qtbf1XIs6MUOPMosDkv94pTRSBjRI3tTSz5n+kbg6Er4mm46YcBpw4rsz1gpxM=
qTufIOmDuf0FmeDL8DcWbl2dzvs7X0H0rGq9JxAbKjnqFaRyvMxQc17wuWxyee2zwJsP9FEUf7lnBJN7yzuhxcHKQ6yblzOzBCO5OWKnEQ==
Jw9eHjISmI2LJ3BnBuD2TYurxIbR9VSL1FUBvaxw0t2ZgElLD65CllyK23QIqlWUy9wPmm7yKgzv1uHHH5Anbacc
33py2Xp/AfSfR1CI2t7gSHDpzUXj+TgcPJzvgz1cOCj02Zly8XkGbOj8rIhFWUEoh/voaF/AJLm7nyaDOfhXJJnVUdzVtxxaN0lHUvXAfSd1fzJ7XxV0pwc=
zAy6Xhxu5ew8/uyQzcT4ffbZuR8KIsvN1DE6jM+8hDv/X4quz8xVWkBt/ZvKQC0U7vlxS1Qrm5z9tBNR01RnI3b63R31mreEt3dfmxBTrQF+pw0=
qwFKRwVNVFvt26qepP67OAsBZ8FwqiDO4OkFAt3nZD4Wn9lGBYFXcBZELHynjmBEMXfq+iOwVswePv/A/d0XniNvpxo=
A6cjCJs7hATNOrdxtZmJm3DqzUXj+TgcPJzvgz1cOCj02Zly8XkGbOj8rIhFWUEoh/voaF/AJLm7nyaDOfhXJJnVUdzVtxxaN0lHUvXAfSd1fzJ7XxV0pwc=
zAy6Xhxu5ew8/uyQzcT4ffbZuR8KIsvN1DE6jM+8hDv/X4quz8xVWkBt/ZvKQC0U7vlxS1Qrm5z9tBNR01RnI3b63R31mreEt3dfmxBTrQF+pw0=
qwFKRwVNVFvt26qepP67OAsBZ8FwqiDO4OkFAt3nZD4Wn9lGBYFXcBZELHynjmBEMXfq+iOwVswePv/A/d0XniNvpxo=
U5J/Ss4d6z4CoKXUUo3OljAoI3Vc88Kmf24OzZCTPzgWatN73HdyFQTG28SgEA1Z/LR6SRkU4Y9fSkqCfN4TEJgu/UGKCCeefpbiWE9CaSNPVA95pwg=
mqTC9X+FsVjWUYMYiXqJMgyR7sFdMmmXkD1Rs9RLf0ZOBXCMko72bBW71JqOE1nSrT2HNO4oDEivkhCgabsqrsvMxkimkp80tQEnujtjpw4=
2ZdYtbDTkyRaR+Wt9QQ2Q0WjbugJJCmupW9QyJewPLmjb24jgWi/ZLHlSTydZ6TazxmPcu0wFefd78oblyVspx8=
zSZ3a0tGkEOGHkbVF57IT/blmiDl0ZcgtvSszAdeIJRRjeoKR2AWE76OfnBdjdfOwwWzag==
rXQpjtQhJTgDGR5Q5jm5pNxkO9p/ZxqxfWUnvF6QTGC/inBoGUSpRp8U5k+Wql6cJZnH8ssBs2Y=
oJwPPDNLnhMkQfK6O8tVEzAoI3Vc88Kmf24OzZCTPzgWatN73HdyFQTG28SgEA1Z/LR6SRkU4Y9fSkqCfN4TEJgu/UaJCCOefpniWE5CaSNPVA9jswg=
vU42ctbER5LHlQOmz4IrJHTuzEX283xDYtyw2nlcCmHly5tp8j0CL7/sroQRFAFuzf/oaF/AJLm7nyaDOfhXJJnVUdzVtxtZN01HUvrAfSZ1fzJ7XxVuswc=
1i5a8FdMV5+Mf5uTpSfHljwC+B9D2bebqLKX9ELGtrRlU/SinhtZyp0V58y+4MwQX/qwGPk0qTZ/ZCY/dtre7MXpB4IrcbMW
bkERgE9vC9SBWAgq31PwuEWjbugJJCmupW9QyJewPLmjb24jgWi/ZLHlSTydZ6PZzx2PcuIwFebd78oblyV2sx8=
QaHl9PTr2pWJRibwUKtcqTAoI3Vc88Kmf24OzZCTPzgWatN73HdyFQTG28SgEA1Z/LR6SRkU4Y9fSkqCfN4TEJgu/UKICCOefpniWE5CaSNPVA9jswg=
uauxD4NYVhCszZoh6d/VjgyR7sFdMmmXkD1Rs9RLf0ZOBXCMko72bBW71JqOE1nSrT2HNO4oDEivkhCgabgors/Mxkemkp40tQEnujt5sw4=
uT5zx55tmd8aXB0WwfJdQUWjbugJJCmupW9QyJewPLmjb24jgWi/ZLHlSTydZ6fYzx2PcuIwFebd78oblyV2sx8=
8TREu/+yMicSnfzFJOfOuGxlPxK+NDC2sQsUym5jWcKNDcfkjtiM2A8i0PCJzi++7/yGl8ZiHqQVsefq2wmzHg==
HQOqGAqbkBxA+5gTnH9InjAoI3Vc88Kmf24OzZCTPzgWatN73HdyFQTG28SgEA1Z/LR6SRkU4Y9fSkqCfN4TEJgu/USPCCOefpniWE5CaSNPVA9jswg=
vjHw/lXCT2NuC/qskmuTjXTuzEb283xDYtyw2nlcCmHly5tp8j0CL7/sroQRFAFuzf/oaF/AJLm7nyaDOfhXJJnVUdzVtxlfN01HUvrAfSZ1fzJ7XxVuswc=
yXSx+de+X3+PdHNve+LuKQyR7sFdMmmXkD1Rs9RLf0ZOBXCMko72bBW71JqOE1nSrT2HNO4oDEivkhCgab4vrs/Mxkemkp40tQEnujt5sw4=
eAYNdrijkWyKcM354JECZDwC+B9D2bebqLKX9ELGtrRlU/SinhtZyp0V58y+4MwQX/qwGPk2rzZ/ZCY/dtre7MXpB4IrcbMW
j9WqMMQvuM6bUTys/Gz0OUWjbugJJCmupW9QyJewPLmjb24jgWi/ZLHlSTydZ6Hfzx2PcuIwFebd78oblyV2sx8=
uiBa5GQ22KQXglgDWY4XRCiRkKMGAPHvzg4mCGHJ3flxg2Y6No/jaF/LgIhn0Cy5s48e49HID+Qhhbl8TUeV3r/937JSkIVmLY8aW6cFZrMP
9GXwlKeqMQ9z4E2ueNcjrgGWkCopn4RG5ufZPvX5twjmPOwEV/aAPMEIboLXyLa77kY+uA2l9+bTDbNi
AE9rrhVoffKhQbd1ncJnoFR37LPBEPZhmRzeXu537v5EW/+2hqYo+qB/dsPpmMek6TXhnCXXKV5HbXcSCmDNpuXf4juPNX6zFw==
cdVpRJuYlW4KHtUs4SfV2lR37LPBEPZhmRzeXu537v5EW/+2hqYo+qB/dsPpmMek6TXhnCXXJl5HbXcSCmDNpuXf4juPNX6zFw==
TItanNAyhxEZ10YJ2hIGWlR37LPBEPZhmRzeXu537v5EW/+2hqYo+qB/dsPpmMek6TXhnCXXKVtHbHcSCmDNpuXf4juPNX6zFw==
ulf639n6390YIzcv01YCBtxkO9p/ZxqxfWUnvF6QTGC/inBoGUmrRpoU5k+Wql6cJZnH8ssBs2Y=
VZ6TaKEFfRqJLRYQiY10VDAoI3Vc88Kmf24OzZCTPzgWatN73HdyFQTG28SgEA1Z/LR6SRkU4Y9fSkqCfN4TEJgu/UuLCCaefpniWE5CaSNPVA9jswg=
UBlYNP5dtYZh8hANoLUYpCJgxF+Q7oivv72DJhQQ+diUlEw5fv3GX/mG71XAPgeQmvrWQG1/BOYmh9leNVk36KYc7CSXlgCcgeVrYpJoNtsuZj6YTUV3RhNtswI=
7JNMoBYvHMsubwgnn/S0THTuzEX283xDYtyw2nlcCmHly5tp8j0CL7/sroQRFAFuzf/oaF/AJLm7nyaDOfhXJJnVUdzVtxZbN0hHUvrAfSZ1fzJ7XxVuswc=
l6kN+iew/eOPoHr+m+VJ0QyR7sFdMmmXkD1Rs9RLf0ZOBXCMko72bBW71JqOE1nSrT2HNO4oDEivkhCgabErrsrMxkemkp40tQEnujt5sw4=
+e07Gy4o/aODU6/xK3yjzTwC+B9D2bebqLKX9ELGtrRlU/SinhtZyp0V58y+4MwQX/qwGPk5qzZ6ZCY/dtre7MXpB4IrcbMW
yn2ZCI5GFVnsIYNBjaKfonwrPFzyfnb8tQsUym5jWcKNDcfkjtiM2A8i0PCJwSu+6vyGl8ZiHqQVsefq2wmzHg==
289XoCT2LB2T5cJGuV5p+fblmiDm0ZcgtfSszAdeIJRRjeoKQmAWE76OfnBdjdfOwwWzag==
kf75ki9mYQCIKrT2fSJINs0oP9V+YRqxfmUnvF2QTGC/inBoGUOpRpoU5k+Wql6cJZnH8ssBs2Y=
NwQtza3lHIdO0y753sbJ0txkO9p/ZxqxfmUnvF2QTGC/inBoGUOpRpoU5k+Wql6cJZnH8ssBs2Y=
DkbJKAFtK+caTECbGNtHRhBc8rVMJnyaq9Zi5VbgEe/3rBV84OhdcRzcSlEZDNLnv2IZejxmw3g4ho3ZCZDWNt5xsuCOOrkLL7w/e7MQ
O77Rq9B/zWFDZgFB9STFYUVzmIdyMw2LCFSjupLA0qtbf1XIs6MUOPMosDkv9IpTRSNjRI3tTSz5n+gZg6Ar4ma46YYBpw4rsz16sxM=
Hby5cxjMiF+HRpQjbjTEeV6dzfs4X0L0rGq9JxAbKjnqFaRyvMxQc17wuWxyee2wwJsP91EUf7lnBJN7yjmhxMHKTKybljOzBCO5OXizEQ==
QlRHeeh9SiJQ+ko7o+rBiYurxIbR9VSL1FUBvaxw0t2ZgEpLD65BllyK23QIqlWVydwOmm79Kgzu1uHHH5And7Mc
lUFr2OkWkLTLITAZT8pOPjAoI3Vc88Kmf24OzZCTPzgWatN73HdyFQTG28SgEA1Z/LR6SRkU4o9fSkmCfN4TEJgu/UGJCCaefpniWE5CaSNPVA9jswg=
M/8vdU2l/5t0gBlkV9sQBnTuzEb283xDYtyw2nlcCmHly5tp8j0CL7/sroQRFAFuzf/oaF/AJLm7nCaDOftXJJnVUdzVtxxZN0hHUvrAfSZ1fzJ7XxVuswc=
XU93reyAc+t/24a48mJ43AyR7sFdMmmXkD1Rs9RLf0ZOBXCMko72bBW71JqOE1nSrj2HNO0oDEivkhCgabsprsrMxkemkp40tQEnujt5sw4=
Y6DmXIY/jnwtlFn4b+m9QjwC+B9D2bebqLKX9ELGtrRlU/SinhtZyp4V58y94MwQX/qwGPkzqTZ6ZCY/dtre7MXpB4IrcbMW
pre4SjDpPyZoaBztgz6bOXwrPFzyfnb8tQsUym5jWcKODcfkjdiM2A8i0PCJyym+6vyGl8ZiHqQVsefq2wmzHg==
LUxQmLh50FJKsbrROdRaTHjY6uglNvTDQQM2uVr3sjf/0rnqvPYjCPjWrekJoPbmnoHScA6qGbvv7N8Ls2A=
BK1bhbvAOQp4cTcT2BQoGUg0/d52E7n+UMlpeyArMsNcLjavpX484uq6YjhMC7NvtXTbATv037MKeGWMDfoQVP+2F6v4M7UxfLMV
arGELhHiesaRvb9TLsonXFR37LPBEPZhmRzeXu537v5EW/+2hqYo+qB8dsPpm8ek6TXhnCXXKFhHaHcSCmDNpuXf4juPNX6zFw==
ajwBA4YZKyW4h7u1fkGeJUg0/d52E7n+UMlpeyArMsNcLjavpX484uq6YjtMC7NstXTbATv037MMe2WODPoQVP+2F6v4M7UxfLMV
JC6OBCyp34/LIIAb3+hZpVR37LPBEPZhmRzeXu537v5EW/+2hqYo+qB/dsPpmMek6TXhnCXXLltHanYSCmDNpuXf4juPNX6zFw==
nj8DCWU8zB477/uerGrLMXUYy7MdQAJhz4bvX68Bn3apKhDOz8BeUAecmkUVqXdYRoxstPcmwOyh/GpysBn2a072vgit9Te2M32zEg==
NtxwaHeG8Ck5iYQnEM2pskB956nEWfZs2BzcSPU5sahEW/+2hqYo+r18dsPpm8ek6TXhnCXXLFlHbnMSC2DNpuXf4juPNX6zFw==
7aQl3lxeE5ZLC3aHPjpsufblmiDm0ZcgtfSszAdeIJRRg+gKRGQWEr6OfnBdjdfOwwWzag==
sKY3TUy2MclmYDbWlFWfBdxkO9p/ZxqxfmUnvF2QTGC/inBoGUGvRpwQ5k6Wql6cJZnH8ssBs2Y=
mMJ3WKa4DYaYq9cb3GY/2GxlPxK+NDC2sQsUym5jWcKODcfkjdiM2A8i0PCJyy++7PiGlsZiHqQVsefq2wmzHg==
b/PWeMMn7hNp/E02VvUwFBc3vrLBWfZs2BzcSPU5sagXG7ioj6A0uat8dsPpm8ek6TXhnCXXLF9HbnMSC2DNpuXf4juPNX6zFw==
wj42YogvkpWSnnOchDbeLU8tOW8KMTg/A6Ga9RZGFtO5rvVWPaXPM19sOtu4/k4ohvaRNUw44sWZmHoD7ybRLhxyy3wo4qUNT0R4Vk70OnQubnFPf1gXb7ME
59HEhXeuxmLuUQjU/FAmDQyR7sFdMmmXkD1Rs9RLf0ZOBXCMko72bBW71JqOE1nSrj2HNO0oDEivkhCgabsvrszIxkamkp40tQEnujt5sw4=
MDAoxCnTGVtDlS1XLUVtrTwC+B9D2bebqLKX9ELGtrRlU/SinhtZyp4V58y94MwQX/qwGPkzrzZ8YCY+dtre7MXpB4IrcbMW
h5fUhNhOfgdO1pUAPRVbp3wrPFzyfnb8tQsUym5jWcKODcfkjdiM2A8i0PCJyy++7PiGlsZiHqQVsefq2wmzHg==
3V+G2UVy4/2KB9b7vpzbLdxkO9p/ZxqxfmUnvF2QTGC/inBoGUevRpwQ5k6Wql6cJZnH8ssBs2Y=
wQpJfETXDgwjf0q6kBTjiRc3vrLBWfZs2BzcSPU5sagXG7ioj6A0uat8dsPpm8ek6TXhnCXXKF9HbnMSC2DNpuXf4juPNX6zFw==
2+xl+FgCSTD7rcdENgvTeU8tOW8KMTg/A6Ga9RZGFtO5rvVWPaXPM19sOtu4/k4ohvaRNUw44sWZmHoD7ybRLhxyy3wo4qUJT0R4Vk70OnQubnFPf1gXb7ME
7uy0TIgsue321oqP8OoCMAyR7sFdMmmXkD1Rs9RLf0ZOBXCMko72bBW71JqOE1nSrj2HNO0oDEivkhCgab8vrszIxkamkp40tQEnujt5sw4=
jQOxYK1J4MkzXVbDq5jZ9zwC+B9D2bebqLKX9ELGtrRlU/SinhtZyp4V58y94MwQX/qwGPk3rzZ8YCY+dtre7MXpB4IrcbMW
UOgNkjWgCTHSWzuWzbH9QXwrPFzyfnb8tQsUym5jWcKODcfkjdiM2A8i0PCJzy++7PiGlsZiHqQVsefq2wmzHg==
XPrcdLFYC38NIG+D3uBIZ/blmiDn0ZcgtPSszAdeIJRRhOsKR2QWEr6OfnBdjdfOwwWzag==
+oWgXaYI7NoYHMy+Rao+vdxkO9p/Zxqxf2UnvFyQTGC/inBoGUKqRp8Q5k6Wql6cJZnH8ssBs2Y=
ebAwYpw47tNSefjxT6uIARBc8rVMJnyaq9Zi5VbgEe/3rBV84OhdcRzcSlEZDNPnv2IYejxmw3g4ho3YCpDTMt5wsuCOOrkLL7w/e7MQ
U0ttRvZkoycMsGl1FkjLzUVzmIdyMw2LCFSjupLA0qtbf1XIs6MUOPMosDkv9YpTRSJjRI3tTSz5n+kag6Uv4me46YYBpw4rsz16sxM=
S85165TZDZHiFN4BzlyAu1+dzPs5X0P0rGq9JxAbKjnqFaRyvMxQc17wuWxyee2xwJsP9lEUf7lnBJN7yzqhwcXKTaybljOzBCO5OXizEQ==
h5inWWMjG1+1qae5+UvvpYurxIbR9VSL1FUBvaxw0t2ZgEtLD65AllyK23QIqlWUytwLnm78Kgzu1uHHH5And7Mc
PVQ9fH80HCpRwY8i7BkbzBc3vrLBWfZs2BzcSPU5sagXG7ioj6A0uat9dsPpmsek6TXhnCXXLVpHbXMSC2DNpuXf4juPNX6zFw==
HDePKWrGWmcn4vemxDV6Hk8tOWwKMTg/A6Ga9RZGFtO5rvVWPaXPM19sOtu4/k4ohvaRNUw44sWZmHsD7ybQLhxyy3wo4qUMSkR7Vk70OnQubnFPf1gXb7ME
o1KP9Pk+M4Vs55F9F22n6AyR7sFdMmmXkD1Rs9RLf0ZOBXCMko72bBW71JqOE1nSrz2HNOwoDEivkhCgaboqrs/Ixkamkp40tQEnujt5sw4=
EHvxr9u0MFtT+fygiRJZ4DwC+B9D2bebqLKX9ELGtrRlU/SinhtZyp8V58y84MwQX/qwGPkyqjZ/YCY+dtre7MXpB4IrcbMW
gpacD8pZJqvM3y6ni6pfHHwrPFzyfnb8tQsUym5jWcKPDcfkjNiM2A8i0PCJyiq+7/iGlsZiHqQVsefq2wmzHg==
GZw1kn857O19LkXIXICqelR37LPBEPZhmRzeXu537v5EW/+2hqYo+qB9dsPpmsek6TXhnCXXJ1pHbXMSC2DNpuXf4juPNX6zFw==
zwbMuHedotS8ns9yCWKemlR37LPBEPZhmRzeXu537v5EW/+2hqYo+qB8dsPpm8ek6TXhnCXXK1lHbXMSC2DNpuXf4juPNX6zFw==
ETLs8VTGnPqYg3W6QOwXaVR37LPBEPZhmRzeXu537v5EW/+2hqYo+qB/dsPpmMek6TXhnCXXK15HbXMSC2DNpuXf4juPNX6zFw==
IvHlJZKN7RniB7a3Hha+50B956nEWfZs2BzcSPU5sahEW/+2hqYo+qB8dsPpm8ek6TXhnCXXLlpHbHMSC2DNpuXf4juPNX6zFw==
gLUsRYrEGdoQ6zd5NNONY0B956nEWfZs2BzcSPU5sahEW/+2hqYo+qB9dsPpmsek6TXhnCXXL1hHbHMSC2DNpuXf4juPNX6zFw==
mx2ycBxC/geSjcwlUgWDNM0oP9V+YRqxf2UnvFyQTGC/inBoGUavRp4Q5k6Wql6cJZnH8ssBs2Y=
c9o0ZAEQkqmA+lNswbFFDNxkO9p/Zxqxf2UnvFyQTGC/inBoGUavRp4Q5k6Wql6cJZnH8ssBs2Y=
6r/jwP6hDRMY+39b5DeNhBBc8rVMJnyaq9Zi5VbgEe/3rBV84OhdcRzcSlEZDNPnv2IYejxmw3g4ho3cD5DSMt5wsuCOOrkLL7w/e7MQ
MTxo2ktzbfr88n3DpuW5UkVzmIdyMw2LCFSjupLA0qtbf1XIs6MUOPMosDkv9YpTRSJjRI3tTSz5n+0fg6Qv4me46YYBpw4rsz16sxM=
dlHCOMLDvOaq1BWorwGhul+dzPs5X0P0rGq9JxAbKjnqFaRyvMxQc17wuWxyee2xwJsP9lEUf7lnBJN7zz+hwMXKTaybljOzBCO5OXizEQ==
Ok37p141T0unZlxlhRJUMourxIbR9VSL1FUBvaxw0t2ZgEtLD65AllyK23QIqlWQz9wKnm78Kgzu1uHHH5And7Mc
3og4H+du3CCvXXPkwbopDTAoI3Vc88Kmf24OzZCTPzgWatN73HdyFQTG28SgEA1Z/LR6SRkU449fSkiCfN4TEJgu/USPCCKafpjiWE5CaSNPVA9jswg=
KMbP7WWwMBzFgm99zpAS/E8tOW8KMT8+A6Ga9RZGFtO5rvVWPaXPM19sOtu4/k4ohvaRNUw44sWZmHsD7ybQLhxyy3wo4qUIT0R6Vk70OnQubnFPf1gXb7ME
AXaFJN9CAh8bucC1Wm4PmwyR7sFdMmmXkD1Rs9RLf0ZOBXCMko72bBW71JqOE1nSrz2HNOwoDEivkhCgab4vrs7Ixkamkp40tQEnujt5sw4=
P6pwv6ERP28iY4g4DnkBsDwC+B9D2bebqLKX9ELGtrRlU/SinhtZyp8V58y84MwQX/qwGPk2rzZ+YCY+dtre7MXpB4IrcbMW
GX6cUu1outc15fXaO538yEWjbugJJCmupW9QyJewPLmjbW4jgWq/ZLHlSTydZ6HfzxyLcuMwFebd78oblyV2sx8=
AX+8YygZvS9w4sj1plX4V5nByUhDw+R4IwiAOR/V2pM1whPEHU0d7Mm//R+TxN+it9h5BrEHvuvj3QqzYw==
H0CSkvU16l22s6d5PKVJy3jY6uglNvTDQQM2uVr3szf/0rjqvPYjCPjWrewPoPLinoDScA6qGbvv7N8Ls2A=
mKzYqnuDneJDBnxKQiqR5vblmiDg0Zcgs/SszAdeIJRRg+4KRmQWEr6OfnBdjdfOwwWzag==
9np1jCqK+SbgBuodX20Tkc0oP9V+YRqxeGUnvFuQTGC/inBoGUGrRpkQ5k6Wql6cJZnH8ssBs2Y=
PKtJVcJ6ZJYu5VrayPm1G9xkO9p/ZxqxeGUnvFuQTGC/inBoGUGrRpkQ5k6Wql6cJZnH8ssBs2Y=
gaI2HnxjkcyuRZ1Cfk4fERBc8rVMJnyaq9Zi5VbgEe/3rBV84OhdcRzcSlEZDNTnv2Ifejxmw3g4ho3bC5DVMt5wsuCOOrkLL7w/e7MQ
p08T/ynVr/7q4oYT5HFVFUVzmIdyMw2LCFSjupLA0qtbf1XIs6MUOPMosDkv8opTRSVjRI3tTSz5n+obg6Mv4me46YYBpw4rsz16sxM=
68rRiIrk7LW25hhMypKF/Vidy/s+X0T0rGq9JxAbKjnqFaRyvMxQc17wuWxyee22wJsP8VEUf7lnBJN7yDuhx8XKTaybljOzBCO5OXizEQ==
s3ImH8wzzNQ60yV877esaourxIbR9VSL1FUBvaxw0t2ZgExLD65HllyK23QIqlWXy9wNnm78Kgzu1uHHH5And7Mc
zzOZgu/JKyxYkna9VaJKPzEoI3Vc88Kmf24OzZCTPzgWatN73HdyFQTG28SgEA1Z/LR6SRkU5I9fSk+CfN4TEJgu/UOLCCWafpjiWE5CaSNPVA9jswg=
LRlmBzjkAH40+UOT8HWwOVn6bWf4w+hBPmP1v/MBfWKw0Augv4tDpxBjKZvvWEknptCRnGp59cbou3chmVS3CT/kO+swuxlXrWqV3FNWe2M8Q1EJYLMJ
07DY+ZYiZ4TdAK7husSRF0Vh2YRwIUKbSBGxv47d0qtbf1XIs6MUOPMosDkv8opTRSVjRI3tTSz5n+obg6Mv4me46YYBpw4rsz16sxM=
bW1Cz16cIwMw13pCh9Qigvw2MCsBdzIOdZAKCIvzzFgbOLg5J+Lisx31WwRVnbVMUS9imwtTR0LfCDHG+ffWC5stcrMb
YUIJRHevpJ1nCLIF3Q1Nb3XD/eBgeP3BXAwqoRn8tDf/0r/qvPYjCPjWresLoPXinoDScA6qGbvv7N8Ls2A=
1ynVF+BjjZIiTCPmkQRrjUkYgnocwjLzzZXLhKX9RQyhT3KbG3N3Am+ogUZpV4bLy80Cs2s=
WkxXmvMJNjN/3Ja0UYFo8c0oP9V+YRqxeGUnvFuQTGC/inBoGUaqRpkQ5k6Wql6cJZnH8ssBs2Y=
lhumTrWnBI8ugBp+zftc6dxkO9p/ZxqxeGUnvFuQTGC/inBoGUaqRpkQ5k6Wql6cJZnH8ssBs2Y=
AXjxiI/lHVizt6NOiZYsPBBc8rVMJnyaq9Zi5VbgEe/3rBV84OhdcRzcSlEZDNTnv2Ifejxmw3g4ho3cCpDVMt5wsuCOOrkLL7w/e7MQ
Ixh+4QF4/Cd6/pOSAqLsBkVzmIdyMw2LCFSjupLA0qtbf1XIs6MUOPMosDkv8opTRSVjRI3tTSz5n+0ag6Mv4me46YYBpw4rsz16sxM=
DlQ/ZbcCPjrBnF9C6I6aX1idy/s+X0T0rGq9JxAbKjnqFaRyvMxQc17wuWxyee22wJsP8VEUf7lnBJN7zzqhx8XKTaybljOzBCO5OXizEQ==
wUlyqQy6XB9e0J8t32UKvYurxIbR9VSL1FUBvaxw0t2ZgExLD65HllyK23QIqlWQytwNnm78Kgzu1uHHH5And7Mc
j0zgOmjIqPK/M39WyMrn6jEoI3Vc88Kmf24OzZCTPzgWatN73HdyFQTG28SgEA1Z/LR6SRkU5I9fSk+CfN4TEJgu/USKCCWafpjiWE5CaSNPVA9jswg=
v6ZmmfiNbKIBx5LfEqK9Aln6bWf4w+hBPmP1v/MBfWKw0Augv4tDpxBjKZvvWEknptCRnGp59cbou3chmVS3CT/kO+s3uhlXrWqV3FNWe2M8Q1EJYLMJ
eLoDUKy4VIvfrOmC1SypYEVh2YRwIUKbSBGxv47d0qtbf1XIs6MUOPMosDkv8opTRSVjRI3tTSz5n+0ag6Mv4me46YYBpw4rsz16sxM=
ucCshvIi16G6qAMhrUbNcvw2MCsBdzIOdZAKCIvzzFgbOLg5J+Lisx31WwRVnbVMUS9lmgtTR0LfCDHG+ffWC5stcrMb
rXWPxDHbNBi3I5xLaVM2oHXD/eBgeP3BXAwqoRn8tDf/0r/qvPYjCPjWrewKoPXinoDScA6qGbvv7N8Ls2A=
m9vQac8sFynjL0WwVdMcIEkYgnocwjLzzZXLhKX9RQyhT3WaG3N3Am+ogUZpV4bLy80Cs2s=
uFZWgOiKVvCttbRYjXYP7txkO9p/ZxqxeGUnvFuQTGC/inBoGUWqRpgQ5k6Wql6cJZnH8ssBs2Y=
fh1D+EwTzbRU0P7V6y5n2GxlPxK+NDC2sQsUym5jWcKIDcfki9iM2A8i0PCJwSq+6PiGlsZiHqQVsefq2wmzHg==
N+aP6yAC3EI9/GKRJLB4HbKHuK6n99x9XizH+Jp/YA2Twr7MN9m8mc5/3HCvFnBuwYO0cr4LWdq4xaccG3BMgP8q8MjZKaomWLBm7tZKXnxlOUdSC2GzBg==
k9cRxmkwD25dTz4X5koX6U8tOWwKMT8+A6Ga9RZGFtO5rvVWPaXPM19sOtu4/k4ohvaRNUw44sWZmHwD7ybXLhxyy3wo4qUHSkR8Vk70OnQubnFPf1gXb7ME
AIiZAonF3QtIMUwj7tsa0wyR7sFdMmmXkD1Rs9RLf0ZOBXCMko72bBW71JqOE1nSqD2HNOsoDEivkhCgabEqrsjIxkamkp40tQEnujt5sw4=
yhQOCWXy450dRK6UFa1/rTwC+B9D2bebqLKX9ELGtrRlU/SinhtZypgV58y74MwQX/qwGPk5qjZ4YCY+dtre7MXpB4IrcbMW
4n+sbJbh53cfkREqw0IcI0WjbugJJCmupW9QyJewPLmjam4jgW2/ZLHlSTydZ67azxqLcuMwFebd78oblyV2sx8=
LMn1PVaQevfHFGA9tBMlHJnByUhDw+R4IwiAOR/S2pM1xRPEHU0d7Mm/8hqTwt+it9h5BrEHvuvj3QqzYw==
785s94pf1plD50WXYCX8VHjY6uglNvTDQQM2uVr3tDf/0r/qvPYjCPjWreMKoPTinoDScA6qGbvv7N8Ls2A=
q1W6cy3g/o+ifOnPtsDWkVR37LPBEPZhmRzeXu537v5EW/+2hqYo+qB6dsPpncek6TXhnCXXKVlHanMSC2DNpuXf4juPNX6zFw==
i5s/GfQik3nLDj7ZLeSt5lR37LPBEPZhmRzeXu537v5EW/+2hqYo+qB9dsPpmsek6TXhnCXXLl9HanMSC2DNpuXf4juPNX6zFw==
EmBmrCdq7SXybDzLM5N1UVmt4GGfY4BCznD1a3bz7W4i7VxFWg/B35866jL8LnOgWH4dW44YREo+KAIozvLJ0w+EL3OzGA==
